Condition,Replication,Parameter,ESS,RHAT
Study1_Tb3_N100,1,Level2Mean[1],17600,1
Study1_Tb3_N100,1,Level2Mean[2],21380,1
Study1_Tb3_N100,1,Level2Mean[3],25707,1
Study1_Tb3_N100,1,Level2Mean[4],30482,1
Study1_Tb3_N100,1,Level2Mean[5],203,1.0003
Study1_Tb3_N100,1,Level2Mean[6],310,1.0007
Study1_Tb3_N100,1,Level2Mean[7],349,1.0022
Study1_Tb3_N100,1,Level2Mean[8],285,1.0008
Study1_Tb3_N100,1,Level2Sigma[1],2033,1.0001
Study1_Tb3_N100,1,Level2Sigma[2],3379,1.0006
Study1_Tb3_N100,1,Level2Sigma[3],4296,1
Study1_Tb3_N100,1,Level2Sigma[4],16171,1.0003
Study1_Tb3_N100,1,Level2Sigma[5],710,1.0007
Study1_Tb3_N100,1,Level2Sigma[6],521,1.0001
Study1_Tb3_N100,1,Level2Sigma[7],483,1.0003
Study1_Tb3_N100,1,Level2Sigma[8],663,1.0006
Study1_Tb3_N100,1,"sigma_innovation[1,1]",507,1
Study1_Tb3_N100,1,"sigma_innovation[2,1]",943,1.0003
Study1_Tb3_N100,1,"sigma_innovation[1,2]",943,1.0003
Study1_Tb3_N100,1,"sigma_innovation[2,2]",1006,1.0006
Study1_Tb3_N100,2,Level2Mean[1],18256,1
Study1_Tb3_N100,2,Level2Mean[2],21965,1
Study1_Tb3_N100,2,Level2Mean[3],22782,1
Study1_Tb3_N100,2,Level2Mean[4],31003,1
Study1_Tb3_N100,2,Level2Mean[5],262,1.0131
Study1_Tb3_N100,2,Level2Mean[6],206,1.0009
Study1_Tb3_N100,2,Level2Mean[7],186,1.0032
Study1_Tb3_N100,2,Level2Mean[8],466,1.0008
Study1_Tb3_N100,2,Level2Sigma[1],1344,1.0035
Study1_Tb3_N100,2,Level2Sigma[2],1580,1
Study1_Tb3_N100,2,Level2Sigma[3],3818,1.0007
Study1_Tb3_N100,2,Level2Sigma[4],5344,1
Study1_Tb3_N100,2,Level2Sigma[5],327,1
Study1_Tb3_N100,2,Level2Sigma[6],407,1.0001
Study1_Tb3_N100,2,Level2Sigma[7],426,1.0014
Study1_Tb3_N100,2,Level2Sigma[8],318,1.003
Study1_Tb3_N100,2,"sigma_innovation[1,1]",464,1.0037
Study1_Tb3_N100,2,"sigma_innovation[2,1]",520,1.0011
Study1_Tb3_N100,2,"sigma_innovation[1,2]",520,1.0011
Study1_Tb3_N100,2,"sigma_innovation[2,2]",516,1
Study1_Tb3_N100,3,Level2Mean[1],13773,1.0001
Study1_Tb3_N100,3,Level2Mean[2],25864,1.0002
Study1_Tb3_N100,3,Level2Mean[3],25474,1
Study1_Tb3_N100,3,Level2Mean[4],31037,1
Study1_Tb3_N100,3,Level2Mean[5],260,1.0004
Study1_Tb3_N100,3,Level2Mean[6],264,1
Study1_Tb3_N100,3,Level2Mean[7],237,1.0004
Study1_Tb3_N100,3,Level2Mean[8],275,1.0006
Study1_Tb3_N100,3,Level2Sigma[1],1201,1.0001
Study1_Tb3_N100,3,Level2Sigma[2],3136,1.0002
Study1_Tb3_N100,3,Level2Sigma[3],3070,1
Study1_Tb3_N100,3,Level2Sigma[4],27882,1
Study1_Tb3_N100,3,Level2Sigma[5],407,1.0023
Study1_Tb3_N100,3,Level2Sigma[6],524,1.0028
Study1_Tb3_N100,3,Level2Sigma[7],557,1.0009
Study1_Tb3_N100,3,Level2Sigma[8],487,1.0155
Study1_Tb3_N100,3,"sigma_innovation[1,1]",531,1.0007
Study1_Tb3_N100,3,"sigma_innovation[2,1]",471,1
Study1_Tb3_N100,3,"sigma_innovation[1,2]",471,1
Study1_Tb3_N100,3,"sigma_innovation[2,2]",763,1
Study1_Tb3_N100,4,Level2Mean[1],13291,1
Study1_Tb3_N100,4,Level2Mean[2],18665,1.0001
Study1_Tb3_N100,4,Level2Mean[3],22641,1
Study1_Tb3_N100,4,Level2Mean[4],30604,1
Study1_Tb3_N100,4,Level2Mean[5],214,1.0164
Study1_Tb3_N100,4,Level2Mean[6],171,1.0169
Study1_Tb3_N100,4,Level2Mean[7],437,1.0125
Study1_Tb3_N100,4,Level2Mean[8],307,1.0066
Study1_Tb3_N100,4,Level2Sigma[1],1160,1.0022
Study1_Tb3_N100,4,Level2Sigma[2],1247,1.0024
Study1_Tb3_N100,4,Level2Sigma[3],3190,1.0024
Study1_Tb3_N100,4,Level2Sigma[4],6105,1.0005
Study1_Tb3_N100,4,Level2Sigma[5],509,1.0006
Study1_Tb3_N100,4,Level2Sigma[6],670,1
Study1_Tb3_N100,4,Level2Sigma[7],419,1.0001
Study1_Tb3_N100,4,Level2Sigma[8],493,1
Study1_Tb3_N100,4,"sigma_innovation[1,1]",540,1.0052
Study1_Tb3_N100,4,"sigma_innovation[2,1]",1051,1.0004
Study1_Tb3_N100,4,"sigma_innovation[1,2]",1051,1.0004
Study1_Tb3_N100,4,"sigma_innovation[2,2]",395,1.0047
Study1_Tb3_N100,5,Level2Mean[1],17606,1
Study1_Tb3_N100,5,Level2Mean[2],18816,1
Study1_Tb3_N100,5,Level2Mean[3],26014,1.0003
Study1_Tb3_N100,5,Level2Mean[4],30425,1.0001
Study1_Tb3_N100,5,Level2Mean[5],171,1.0212
Study1_Tb3_N100,5,Level2Mean[6],166,1.0117
Study1_Tb3_N100,5,Level2Mean[7],228,1.0016
Study1_Tb3_N100,5,Level2Mean[8],313,1.03
Study1_Tb3_N100,5,Level2Sigma[1],1333,1.0023
Study1_Tb3_N100,5,Level2Sigma[2],1454,1.0037
Study1_Tb3_N100,5,Level2Sigma[3],3799,1.0017
Study1_Tb3_N100,5,Level2Sigma[4],7336,1.0005
Study1_Tb3_N100,5,Level2Sigma[5],613,1.0044
Study1_Tb3_N100,5,Level2Sigma[6],481,1
Study1_Tb3_N100,5,Level2Sigma[7],602,1.0115
Study1_Tb3_N100,5,Level2Sigma[8],570,1.0037
Study1_Tb3_N100,5,"sigma_innovation[1,1]",352,1.0072
Study1_Tb3_N100,5,"sigma_innovation[2,1]",601,1.001
Study1_Tb3_N100,5,"sigma_innovation[1,2]",601,1.001
Study1_Tb3_N100,5,"sigma_innovation[2,2]",477,1.0068
Study1_Tb3_N100,6,Level2Mean[1],14819,1
Study1_Tb3_N100,6,Level2Mean[2],15674,1
Study1_Tb3_N100,6,Level2Mean[3],20138,1
Study1_Tb3_N100,6,Level2Mean[4],30782,1
Study1_Tb3_N100,6,Level2Mean[5],213,1.0011
Study1_Tb3_N100,6,Level2Mean[6],156,1.0014
Study1_Tb3_N100,6,Level2Mean[7],450,1.0003
Study1_Tb3_N100,6,Level2Mean[8],383,1
Study1_Tb3_N100,6,Level2Sigma[1],3040,1
Study1_Tb3_N100,6,Level2Sigma[2],844,1.0009
Study1_Tb3_N100,6,Level2Sigma[3],2451,1.0002
Study1_Tb3_N100,6,Level2Sigma[4],7714,1
Study1_Tb3_N100,6,Level2Sigma[5],515,1.0063
Study1_Tb3_N100,6,Level2Sigma[6],426,1
Study1_Tb3_N100,6,Level2Sigma[7],309,1
Study1_Tb3_N100,6,Level2Sigma[8],517,1.0039
Study1_Tb3_N100,6,"sigma_innovation[1,1]",683,1.0015
Study1_Tb3_N100,6,"sigma_innovation[2,1]",1248,1.0007
Study1_Tb3_N100,6,"sigma_innovation[1,2]",1248,1.0007
Study1_Tb3_N100,6,"sigma_innovation[2,2]",276,1.0011
Study1_Tb3_N100,7,Level2Mean[1],16208,1
Study1_Tb3_N100,7,Level2Mean[2],13611,1.0001
Study1_Tb3_N100,7,Level2Mean[3],22428,1
Study1_Tb3_N100,7,Level2Mean[4],28165,1
Study1_Tb3_N100,7,Level2Mean[5],307,1
Study1_Tb3_N100,7,Level2Mean[6],253,1.0091
Study1_Tb3_N100,7,Level2Mean[7],298,1.0036
Study1_Tb3_N100,7,Level2Mean[8],381,1.0002
Study1_Tb3_N100,7,Level2Sigma[1],1377,1.0004
Study1_Tb3_N100,7,Level2Sigma[2],999,1.0028
Study1_Tb3_N100,7,Level2Sigma[3],2644,1
Study1_Tb3_N100,7,Level2Sigma[4],5595,1.0003
Study1_Tb3_N100,7,Level2Sigma[5],496,1.0073
Study1_Tb3_N100,7,Level2Sigma[6],433,1.0062
Study1_Tb3_N100,7,Level2Sigma[7],560,1.0049
Study1_Tb3_N100,7,Level2Sigma[8],522,1
Study1_Tb3_N100,7,"sigma_innovation[1,1]",570,1
Study1_Tb3_N100,7,"sigma_innovation[2,1]",903,1.0005
Study1_Tb3_N100,7,"sigma_innovation[1,2]",903,1.0005
Study1_Tb3_N100,7,"sigma_innovation[2,2]",646,1.002
Study1_Tb3_N100,8,Level2Mean[1],20331,1
Study1_Tb3_N100,8,Level2Mean[2],16669,1
Study1_Tb3_N100,8,Level2Mean[3],28031,1
Study1_Tb3_N100,8,Level2Mean[4],34160,1.0001
Study1_Tb3_N100,8,Level2Mean[5],153,1.0027
Study1_Tb3_N100,8,Level2Mean[6],221,1.0137
Study1_Tb3_N100,8,Level2Mean[7],253,1.0123
Study1_Tb3_N100,8,Level2Mean[8],284,1.0077
Study1_Tb3_N100,8,Level2Sigma[1],774,1.0006
Study1_Tb3_N100,8,Level2Sigma[2],1020,1.002
Study1_Tb3_N100,8,Level2Sigma[3],2953,1.0002
Study1_Tb3_N100,8,Level2Sigma[4],10152,1.0004
Study1_Tb3_N100,8,Level2Sigma[5],533,1.0005
Study1_Tb3_N100,8,Level2Sigma[6],560,1
Study1_Tb3_N100,8,Level2Sigma[7],594,1.0019
Study1_Tb3_N100,8,Level2Sigma[8],624,1.0009
Study1_Tb3_N100,8,"sigma_innovation[1,1]",249,1.001
Study1_Tb3_N100,8,"sigma_innovation[2,1]",657,1.0056
Study1_Tb3_N100,8,"sigma_innovation[1,2]",657,1.0056
Study1_Tb3_N100,8,"sigma_innovation[2,2]",638,1.0039
Study1_Tb3_N100,9,Level2Mean[1],14544,1.0001
Study1_Tb3_N100,9,Level2Mean[2],23327,1
Study1_Tb3_N100,9,Level2Mean[3],15960,1
Study1_Tb3_N100,9,Level2Mean[4],33536,1
Study1_Tb3_N100,9,Level2Mean[5],138,1.0011
Study1_Tb3_N100,9,Level2Mean[6],221,1.0004
Study1_Tb3_N100,9,Level2Mean[7],380,1
Study1_Tb3_N100,9,Level2Mean[8],239,1.002
Study1_Tb3_N100,9,Level2Sigma[1],976,1.0002
Study1_Tb3_N100,9,Level2Sigma[2],2840,1.0003
Study1_Tb3_N100,9,Level2Sigma[3],938,1
Study1_Tb3_N100,9,Level2Sigma[4],15072,1
Study1_Tb3_N100,9,Level2Sigma[5],613,1
Study1_Tb3_N100,9,Level2Sigma[6],509,1.005
Study1_Tb3_N100,9,Level2Sigma[7],413,1.0001
Study1_Tb3_N100,9,Level2Sigma[8],529,1.0003
Study1_Tb3_N100,9,"sigma_innovation[1,1]",370,1.0001
Study1_Tb3_N100,9,"sigma_innovation[2,1]",755,1.0008
Study1_Tb3_N100,9,"sigma_innovation[1,2]",755,1.0008
Study1_Tb3_N100,9,"sigma_innovation[2,2]",488,1.0003
Study1_Tb3_N100,10,Level2Mean[1],17632,1
Study1_Tb3_N100,10,Level2Mean[2],21554,1
Study1_Tb3_N100,10,Level2Mean[3],28515,1.0001
Study1_Tb3_N100,10,Level2Mean[4],33605,1.0001
Study1_Tb3_N100,10,Level2Mean[5],134,1.0001
Study1_Tb3_N100,10,Level2Mean[6],239,1
Study1_Tb3_N100,10,Level2Mean[7],279,1.0024
Study1_Tb3_N100,10,Level2Mean[8],260,1.0057
Study1_Tb3_N100,10,Level2Sigma[1],631,1
Study1_Tb3_N100,10,Level2Sigma[2],2569,1
Study1_Tb3_N100,10,Level2Sigma[3],3956,1
Study1_Tb3_N100,10,Level2Sigma[4],14146,1
Study1_Tb3_N100,10,Level2Sigma[5],599,1.0015
Study1_Tb3_N100,10,Level2Sigma[6],566,1.0042
Study1_Tb3_N100,10,Level2Sigma[7],530,1.004
Study1_Tb3_N100,10,Level2Sigma[8],611,1.0023
Study1_Tb3_N100,10,"sigma_innovation[1,1]",288,1
Study1_Tb3_N100,10,"sigma_innovation[2,1]",583,1.0039
Study1_Tb3_N100,10,"sigma_innovation[1,2]",583,1.0039
Study1_Tb3_N100,10,"sigma_innovation[2,2]",503,1.0001
Study1_Tb3_N100,11,Level2Mean[1],23370,1
Study1_Tb3_N100,11,Level2Mean[2],18527,1
Study1_Tb3_N100,11,Level2Mean[3],28073,1
Study1_Tb3_N100,11,Level2Mean[4],31196,1.0001
Study1_Tb3_N100,11,Level2Mean[5],344,1.0034
Study1_Tb3_N100,11,Level2Mean[6],227,1.0004
Study1_Tb3_N100,11,Level2Mean[7],260,1.0012
Study1_Tb3_N100,11,Level2Mean[8],296,1.0001
Study1_Tb3_N100,11,Level2Sigma[1],2089,1.0005
Study1_Tb3_N100,11,Level2Sigma[2],1746,1.0004
Study1_Tb3_N100,11,Level2Sigma[3],7383,1
Study1_Tb3_N100,11,Level2Sigma[4],15195,1
Study1_Tb3_N100,11,Level2Sigma[5],300,1.0006
Study1_Tb3_N100,11,Level2Sigma[6],557,1.0063
Study1_Tb3_N100,11,Level2Sigma[7],582,1.0001
Study1_Tb3_N100,11,Level2Sigma[8],517,1.0055
Study1_Tb3_N100,11,"sigma_innovation[1,1]",692,1.0024
Study1_Tb3_N100,11,"sigma_innovation[2,1]",505,1.0012
Study1_Tb3_N100,11,"sigma_innovation[1,2]",505,1.0012
Study1_Tb3_N100,11,"sigma_innovation[2,2]",506,1.0006
Study1_Tb3_N100,12,Level2Mean[1],23159,1
Study1_Tb3_N100,12,Level2Mean[2],17954,1
Study1_Tb3_N100,12,Level2Mean[3],27615,1
Study1_Tb3_N100,12,Level2Mean[4],33270,1
Study1_Tb3_N100,12,Level2Mean[5],178,1.0086
Study1_Tb3_N100,12,Level2Mean[6],184,1.0033
Study1_Tb3_N100,12,Level2Mean[7],380,1.0008
Study1_Tb3_N100,12,Level2Mean[8],323,1.0055
Study1_Tb3_N100,12,Level2Sigma[1],1990,1.0011
Study1_Tb3_N100,12,Level2Sigma[2],1295,1.0001
Study1_Tb3_N100,12,Level2Sigma[3],3368,1.0004
Study1_Tb3_N100,12,Level2Sigma[4],10928,1
Study1_Tb3_N100,12,Level2Sigma[5],501,1.0009
Study1_Tb3_N100,12,Level2Sigma[6],532,1.0032
Study1_Tb3_N100,12,Level2Sigma[7],339,1.0028
Study1_Tb3_N100,12,Level2Sigma[8],467,1
Study1_Tb3_N100,12,"sigma_innovation[1,1]",343,1.0035
Study1_Tb3_N100,12,"sigma_innovation[2,1]",853,1
Study1_Tb3_N100,12,"sigma_innovation[1,2]",853,1
Study1_Tb3_N100,12,"sigma_innovation[2,2]",464,1.0005
Study1_Tb3_N100,13,Level2Mean[1],16436,1
Study1_Tb3_N100,13,Level2Mean[2],21748,1.0001
Study1_Tb3_N100,13,Level2Mean[3],24211,1
Study1_Tb3_N100,13,Level2Mean[4],34024,1
Study1_Tb3_N100,13,Level2Mean[5],204,1.0007
Study1_Tb3_N100,13,Level2Mean[6],206,1.0036
Study1_Tb3_N100,13,Level2Mean[7],287,1
Study1_Tb3_N100,13,Level2Mean[8],299,1.0004
Study1_Tb3_N100,13,Level2Sigma[1],1118,1
Study1_Tb3_N100,13,Level2Sigma[2],2241,1
Study1_Tb3_N100,13,Level2Sigma[3],6570,1
Study1_Tb3_N100,13,Level2Sigma[4],14992,1.0001
Study1_Tb3_N100,13,Level2Sigma[5],513,1
Study1_Tb3_N100,13,Level2Sigma[6],599,1.0002
Study1_Tb3_N100,13,Level2Sigma[7],501,1.0031
Study1_Tb3_N100,13,Level2Sigma[8],589,1.0015
Study1_Tb3_N100,13,"sigma_innovation[1,1]",507,1.0002
Study1_Tb3_N100,13,"sigma_innovation[2,1]",562,1
Study1_Tb3_N100,13,"sigma_innovation[1,2]",562,1
Study1_Tb3_N100,13,"sigma_innovation[2,2]",462,1.0009
Study1_Tb3_N100,14,Level2Mean[1],14282,1.0001
Study1_Tb3_N100,14,Level2Mean[2],16375,1
Study1_Tb3_N100,14,Level2Mean[3],26072,1
Study1_Tb3_N100,14,Level2Mean[4],32851,1
Study1_Tb3_N100,14,Level2Mean[5],145,1.0007
Study1_Tb3_N100,14,Level2Mean[6],207,1.0123
Study1_Tb3_N100,14,Level2Mean[7],287,1.0033
Study1_Tb3_N100,14,Level2Mean[8],299,1.0026
Study1_Tb3_N100,14,Level2Sigma[1],706,1.0001
Study1_Tb3_N100,14,Level2Sigma[2],1686,1.0023
Study1_Tb3_N100,14,Level2Sigma[3],2683,1
Study1_Tb3_N100,14,Level2Sigma[4],16798,1.0001
Study1_Tb3_N100,14,Level2Sigma[5],585,1.0123
Study1_Tb3_N100,14,Level2Sigma[6],567,1.0032
Study1_Tb3_N100,14,Level2Sigma[7],490,1.0006
Study1_Tb3_N100,14,Level2Sigma[8],446,1.0057
Study1_Tb3_N100,14,"sigma_innovation[1,1]",260,1.0006
Study1_Tb3_N100,14,"sigma_innovation[2,1]",958,1.0026
Study1_Tb3_N100,14,"sigma_innovation[1,2]",958,1.0026
Study1_Tb3_N100,14,"sigma_innovation[2,2]",607,1.0088
Study1_Tb3_N100,15,Level2Mean[1],22282,1.0003
Study1_Tb3_N100,15,Level2Mean[2],22662,1.0002
Study1_Tb3_N100,15,Level2Mean[3],30021,1
Study1_Tb3_N100,15,Level2Mean[4],27697,1.0001
Study1_Tb3_N100,15,Level2Mean[5],125,1.0121
Study1_Tb3_N100,15,Level2Mean[6],174,1.0084
Study1_Tb3_N100,15,Level2Mean[7],216,1.0066
Study1_Tb3_N100,15,Level2Mean[8],223,1
Study1_Tb3_N100,15,Level2Sigma[1],893,1.005
Study1_Tb3_N100,15,Level2Sigma[2],1329,1.0003
Study1_Tb3_N100,15,Level2Sigma[3],1932,1.0014
Study1_Tb3_N100,15,Level2Sigma[4],2768,1.0008
Study1_Tb3_N100,15,Level2Sigma[5],569,1.0086
Study1_Tb3_N100,15,Level2Sigma[6],438,1
Study1_Tb3_N100,15,Level2Sigma[7],449,1
Study1_Tb3_N100,15,Level2Sigma[8],321,1.006
Study1_Tb3_N100,15,"sigma_innovation[1,1]",235,1.0115
Study1_Tb3_N100,15,"sigma_innovation[2,1]",335,1.0022
Study1_Tb3_N100,15,"sigma_innovation[1,2]",335,1.0022
Study1_Tb3_N100,15,"sigma_innovation[2,2]",351,1.0027
Study1_Tb3_N100,16,Level2Mean[1],14412,1
Study1_Tb3_N100,16,Level2Mean[2],19985,1
Study1_Tb3_N100,16,Level2Mean[3],27762,1
Study1_Tb3_N100,16,Level2Mean[4],30192,1
Study1_Tb3_N100,16,Level2Mean[5],189,1.003
Study1_Tb3_N100,16,Level2Mean[6],280,1.0138
Study1_Tb3_N100,16,Level2Mean[7],409,1.0104
Study1_Tb3_N100,16,Level2Mean[8],359,1.0001
Study1_Tb3_N100,16,Level2Sigma[1],977,1.0014
Study1_Tb3_N100,16,Level2Sigma[2],2318,1.0007
Study1_Tb3_N100,16,Level2Sigma[3],4254,1.0001
Study1_Tb3_N100,16,Level2Sigma[4],6985,1.0005
Study1_Tb3_N100,16,Level2Sigma[5],543,1
Study1_Tb3_N100,16,Level2Sigma[6],557,1.0004
Study1_Tb3_N100,16,Level2Sigma[7],330,1.0019
Study1_Tb3_N100,16,Level2Sigma[8],669,1.0002
Study1_Tb3_N100,16,"sigma_innovation[1,1]",409,1.0024
Study1_Tb3_N100,16,"sigma_innovation[2,1]",1046,1.0029
Study1_Tb3_N100,16,"sigma_innovation[1,2]",1046,1.0029
Study1_Tb3_N100,16,"sigma_innovation[2,2]",715,1.0038
Study1_Tb3_N100,17,Level2Mean[1],20742,1
Study1_Tb3_N100,17,Level2Mean[2],17868,1
Study1_Tb3_N100,17,Level2Mean[3],30956,1
Study1_Tb3_N100,17,Level2Mean[4],33119,1
Study1_Tb3_N100,17,Level2Mean[5],149,1.0009
Study1_Tb3_N100,17,Level2Mean[6],153,1.005
Study1_Tb3_N100,17,Level2Mean[7],245,1.0004
Study1_Tb3_N100,17,Level2Mean[8],235,1.0056
Study1_Tb3_N100,17,Level2Sigma[1],1960,1
Study1_Tb3_N100,17,Level2Sigma[2],916,1.001
Study1_Tb3_N100,17,Level2Sigma[3],2105,1
Study1_Tb3_N100,17,Level2Sigma[4],11715,1.0002
Study1_Tb3_N100,17,Level2Sigma[5],424,1.0001
Study1_Tb3_N100,17,Level2Sigma[6],637,1.0002
Study1_Tb3_N100,17,Level2Sigma[7],404,1.001
Study1_Tb3_N100,17,Level2Sigma[8],626,1.0006
Study1_Tb3_N100,17,"sigma_innovation[1,1]",294,1.0003
Study1_Tb3_N100,17,"sigma_innovation[2,1]",517,1.001
Study1_Tb3_N100,17,"sigma_innovation[1,2]",517,1.001
Study1_Tb3_N100,17,"sigma_innovation[2,2]",332,1.0025
Study1_Tb3_N100,18,Level2Mean[1],19195,1
Study1_Tb3_N100,18,Level2Mean[2],17872,1
Study1_Tb3_N100,18,Level2Mean[3],27296,1
Study1_Tb3_N100,18,Level2Mean[4],30729,1
Study1_Tb3_N100,18,Level2Mean[5],180,1.0001
Study1_Tb3_N100,18,Level2Mean[6],170,1.0342
Study1_Tb3_N100,18,Level2Mean[7],184,1.0399
Study1_Tb3_N100,18,Level2Mean[8],263,1.0022
Study1_Tb3_N100,18,Level2Sigma[1],3103,1
Study1_Tb3_N100,18,Level2Sigma[2],1776,1.0036
Study1_Tb3_N100,18,Level2Sigma[3],8562,1.0001
Study1_Tb3_N100,18,Level2Sigma[4],6991,1.0017
Study1_Tb3_N100,18,Level2Sigma[5],606,1.0016
Study1_Tb3_N100,18,Level2Sigma[6],705,1.0005
Study1_Tb3_N100,18,Level2Sigma[7],496,1
Study1_Tb3_N100,18,Level2Sigma[8],471,1.0005
Study1_Tb3_N100,18,"sigma_innovation[1,1]",506,1.0001
Study1_Tb3_N100,18,"sigma_innovation[2,1]",675,1.007
Study1_Tb3_N100,18,"sigma_innovation[1,2]",675,1.007
Study1_Tb3_N100,18,"sigma_innovation[2,2]",480,1.009
Study1_Tb3_N100,19,Level2Mean[1],16225,1
Study1_Tb3_N100,19,Level2Mean[2],22579,1
Study1_Tb3_N100,19,Level2Mean[3],25103,1.0001
Study1_Tb3_N100,19,Level2Mean[4],31221,1
Study1_Tb3_N100,19,Level2Mean[5],248,1.0028
Study1_Tb3_N100,19,Level2Mean[6],198,1.0146
Study1_Tb3_N100,19,Level2Mean[7],252,1.0038
Study1_Tb3_N100,19,Level2Mean[8],328,1.0058
Study1_Tb3_N100,19,Level2Sigma[1],986,1.0025
Study1_Tb3_N100,19,Level2Sigma[2],1699,1.0021
Study1_Tb3_N100,19,Level2Sigma[3],3339,1.0006
Study1_Tb3_N100,19,Level2Sigma[4],11974,1.0002
Study1_Tb3_N100,19,Level2Sigma[5],460,1.0005
Study1_Tb3_N100,19,Level2Sigma[6],635,1.0004
Study1_Tb3_N100,19,Level2Sigma[7],565,1.0003
Study1_Tb3_N100,19,Level2Sigma[8],492,1.0002
Study1_Tb3_N100,19,"sigma_innovation[1,1]",486,1.0034
Study1_Tb3_N100,19,"sigma_innovation[2,1]",449,1.0071
Study1_Tb3_N100,19,"sigma_innovation[1,2]",449,1.0071
Study1_Tb3_N100,19,"sigma_innovation[2,2]",455,1.0118
Study1_Tb3_N100,20,Level2Mean[1],11530,1.0001
Study1_Tb3_N100,20,Level2Mean[2],13777,1
Study1_Tb3_N100,20,Level2Mean[3],25867,1.0001
Study1_Tb3_N100,20,Level2Mean[4],29624,1
Study1_Tb3_N100,20,Level2Mean[5],264,1.0017
Study1_Tb3_N100,20,Level2Mean[6],132,1.0059
Study1_Tb3_N100,20,Level2Mean[7],326,1.0008
Study1_Tb3_N100,20,Level2Mean[8],339,1.0041
Study1_Tb3_N100,20,Level2Sigma[1],1176,1.0004
Study1_Tb3_N100,20,Level2Sigma[2],487,1.0025
Study1_Tb3_N100,20,Level2Sigma[3],7081,1
Study1_Tb3_N100,20,Level2Sigma[4],6773,1.0002
Study1_Tb3_N100,20,Level2Sigma[5],573,1.0011
Study1_Tb3_N100,20,Level2Sigma[6],529,1
Study1_Tb3_N100,20,Level2Sigma[7],481,1.0064
Study1_Tb3_N100,20,Level2Sigma[8],446,1.0006
Study1_Tb3_N100,20,"sigma_innovation[1,1]",663,1.0011
Study1_Tb3_N100,20,"sigma_innovation[2,1]",740,1
Study1_Tb3_N100,20,"sigma_innovation[1,2]",740,1
Study1_Tb3_N100,20,"sigma_innovation[2,2]",272,1.0036
Study1_Tb3_N100,21,Level2Mean[1],13232,1
Study1_Tb3_N100,21,Level2Mean[2],24764,1
Study1_Tb3_N100,21,Level2Mean[3],13656,1.0001
Study1_Tb3_N100,21,Level2Mean[4],35428,1
Study1_Tb3_N100,21,Level2Mean[5],301,1
Study1_Tb3_N100,21,Level2Mean[6],227,1.0007
Study1_Tb3_N100,21,Level2Mean[7],216,1.0003
Study1_Tb3_N100,21,Level2Mean[8],287,1.0017
Study1_Tb3_N100,21,Level2Sigma[1],2696,1.0001
Study1_Tb3_N100,21,Level2Sigma[2],2692,1
Study1_Tb3_N100,21,Level2Sigma[3],1713,1.0007
Study1_Tb3_N100,21,Level2Sigma[4],23060,1
Study1_Tb3_N100,21,Level2Sigma[5],578,1.0005
Study1_Tb3_N100,21,Level2Sigma[6],565,1.0001
Study1_Tb3_N100,21,Level2Sigma[7],636,1.0024
Study1_Tb3_N100,21,Level2Sigma[8],427,1.0039
Study1_Tb3_N100,21,"sigma_innovation[1,1]",852,1.0001
Study1_Tb3_N100,21,"sigma_innovation[2,1]",563,1.0002
Study1_Tb3_N100,21,"sigma_innovation[1,2]",563,1.0002
Study1_Tb3_N100,21,"sigma_innovation[2,2]",651,1.0001
Study1_Tb3_N100,22,Level2Mean[1],15013,1
Study1_Tb3_N100,22,Level2Mean[2],16135,1.0002
Study1_Tb3_N100,22,Level2Mean[3],29821,1.0004
Study1_Tb3_N100,22,Level2Mean[4],30810,1
Study1_Tb3_N100,22,Level2Mean[5],154,1.0048
Study1_Tb3_N100,22,Level2Mean[6],181,1.0027
Study1_Tb3_N100,22,Level2Mean[7],262,1.0018
Study1_Tb3_N100,22,Level2Mean[8],374,1.0003
Study1_Tb3_N100,22,Level2Sigma[1],1088,1.0029
Study1_Tb3_N100,22,Level2Sigma[2],973,1.0012
Study1_Tb3_N100,22,Level2Sigma[3],3211,1.0004
Study1_Tb3_N100,22,Level2Sigma[4],5769,1.0008
Study1_Tb3_N100,22,Level2Sigma[5],681,1
Study1_Tb3_N100,22,Level2Sigma[6],601,1
Study1_Tb3_N100,22,Level2Sigma[7],683,1.0018
Study1_Tb3_N100,22,Level2Sigma[8],355,1.0019
Study1_Tb3_N100,22,"sigma_innovation[1,1]",315,1.0014
Study1_Tb3_N100,22,"sigma_innovation[2,1]",1049,1.0005
Study1_Tb3_N100,22,"sigma_innovation[1,2]",1049,1.0005
Study1_Tb3_N100,22,"sigma_innovation[2,2]",498,1.0014
Study1_Tb3_N100,23,Level2Mean[1],19029,1
Study1_Tb3_N100,23,Level2Mean[2],23523,1
Study1_Tb3_N100,23,Level2Mean[3],29755,1
Study1_Tb3_N100,23,Level2Mean[4],34002,1
Study1_Tb3_N100,23,Level2Mean[5],125,1.021
Study1_Tb3_N100,23,Level2Mean[6],158,1.0094
Study1_Tb3_N100,23,Level2Mean[7],337,1.0001
Study1_Tb3_N100,23,Level2Mean[8],244,1.0084
Study1_Tb3_N100,23,Level2Sigma[1],750,1.0059
Study1_Tb3_N100,23,Level2Sigma[2],1340,1.0012
Study1_Tb3_N100,23,Level2Sigma[3],4047,1.0008
Study1_Tb3_N100,23,Level2Sigma[4],11111,1.0001
Study1_Tb3_N100,23,Level2Sigma[5],670,1.0014
Study1_Tb3_N100,23,Level2Sigma[6],549,1.0026
Study1_Tb3_N100,23,Level2Sigma[7],385,1.0031
Study1_Tb3_N100,23,Level2Sigma[8],495,1.0017
Study1_Tb3_N100,23,"sigma_innovation[1,1]",261,1.0103
Study1_Tb3_N100,23,"sigma_innovation[2,1]",652,1.0003
Study1_Tb3_N100,23,"sigma_innovation[1,2]",652,1.0003
Study1_Tb3_N100,23,"sigma_innovation[2,2]",327,1.0035
Study1_Tb3_N100,24,Level2Mean[1],17082,1
Study1_Tb3_N100,24,Level2Mean[2],14851,1.0001
Study1_Tb3_N100,24,Level2Mean[3],29652,1
Study1_Tb3_N100,24,Level2Mean[4],29099,1
Study1_Tb3_N100,24,Level2Mean[5],157,1.0001
Study1_Tb3_N100,24,Level2Mean[6],213,1.0002
Study1_Tb3_N100,24,Level2Mean[7],307,1.0002
Study1_Tb3_N100,24,Level2Mean[8],260,1
Study1_Tb3_N100,24,Level2Sigma[1],1338,1.0003
Study1_Tb3_N100,24,Level2Sigma[2],1484,1.0001
Study1_Tb3_N100,24,Level2Sigma[3],5707,1
Study1_Tb3_N100,24,Level2Sigma[4],9995,1
Study1_Tb3_N100,24,Level2Sigma[5],519,1.0004
Study1_Tb3_N100,24,Level2Sigma[6],441,1.0042
Study1_Tb3_N100,24,Level2Sigma[7],381,1
Study1_Tb3_N100,24,Level2Sigma[8],651,1.0004
Study1_Tb3_N100,24,"sigma_innovation[1,1]",336,1
Study1_Tb3_N100,24,"sigma_innovation[2,1]",582,1
Study1_Tb3_N100,24,"sigma_innovation[1,2]",582,1
Study1_Tb3_N100,24,"sigma_innovation[2,2]",623,1
Study1_Tb3_N100,25,Level2Mean[1],19692,1.0001
Study1_Tb3_N100,25,Level2Mean[2],11733,1
Study1_Tb3_N100,25,Level2Mean[3],27537,1
Study1_Tb3_N100,25,Level2Mean[4],30950,1
Study1_Tb3_N100,25,Level2Mean[5],155,1
Study1_Tb3_N100,25,Level2Mean[6],131,1.0043
Study1_Tb3_N100,25,Level2Mean[7],294,1.0001
Study1_Tb3_N100,25,Level2Mean[8],270,1.0013
Study1_Tb3_N100,25,Level2Sigma[1],1999,1.0001
Study1_Tb3_N100,25,Level2Sigma[2],409,1.002
Study1_Tb3_N100,25,Level2Sigma[3],2778,1.0001
Study1_Tb3_N100,25,Level2Sigma[4],4929,1.0007
Study1_Tb3_N100,25,Level2Sigma[5],572,1.0111
Study1_Tb3_N100,25,Level2Sigma[6],573,1
Study1_Tb3_N100,25,Level2Sigma[7],452,1.0014
Study1_Tb3_N100,25,Level2Sigma[8],535,1.0012
Study1_Tb3_N100,25,"sigma_innovation[1,1]",346,1.0001
Study1_Tb3_N100,25,"sigma_innovation[2,1]",640,1.0006
Study1_Tb3_N100,25,"sigma_innovation[1,2]",640,1.0006
Study1_Tb3_N100,25,"sigma_innovation[2,2]",257,1.0039
Study1_Tb3_N100,26,Level2Mean[1],15085,1
Study1_Tb3_N100,26,Level2Mean[2],12636,1
Study1_Tb3_N100,26,Level2Mean[3],25901,1
Study1_Tb3_N100,26,Level2Mean[4],31099,1
Study1_Tb3_N100,26,Level2Mean[5],220,1.0046
Study1_Tb3_N100,26,Level2Mean[6],190,1.024
Study1_Tb3_N100,26,Level2Mean[7],283,1.0055
Study1_Tb3_N100,26,Level2Mean[8],366,1.0045
Study1_Tb3_N100,26,Level2Sigma[1],1837,1.0008
Study1_Tb3_N100,26,Level2Sigma[2],951,1.0106
Study1_Tb3_N100,26,Level2Sigma[3],2654,1.0007
Study1_Tb3_N100,26,Level2Sigma[4],10287,1.0004
Study1_Tb3_N100,26,Level2Sigma[5],559,1.0005
Study1_Tb3_N100,26,Level2Sigma[6],557,1.0002
Study1_Tb3_N100,26,Level2Sigma[7],539,1
Study1_Tb3_N100,26,Level2Sigma[8],517,1
Study1_Tb3_N100,26,"sigma_innovation[1,1]",577,1.0015
Study1_Tb3_N100,26,"sigma_innovation[2,1]",1131,1.0016
Study1_Tb3_N100,26,"sigma_innovation[1,2]",1131,1.0016
Study1_Tb3_N100,26,"sigma_innovation[2,2]",557,1.0107
Study1_Tb3_N100,27,Level2Mean[1],18729,1
Study1_Tb3_N100,27,Level2Mean[2],20303,1.0001
Study1_Tb3_N100,27,Level2Mean[3],21672,1
Study1_Tb3_N100,27,Level2Mean[4],30467,1
Study1_Tb3_N100,27,Level2Mean[5],181,1.0017
Study1_Tb3_N100,27,Level2Mean[6],172,1.0136
Study1_Tb3_N100,27,Level2Mean[7],247,1.0001
Study1_Tb3_N100,27,Level2Mean[8],228,1.0064
Study1_Tb3_N100,27,Level2Sigma[1],2002,1.0003
Study1_Tb3_N100,27,Level2Sigma[2],1261,1.0058
Study1_Tb3_N100,27,Level2Sigma[3],1965,1
Study1_Tb3_N100,27,Level2Sigma[4],6160,1.0007
Study1_Tb3_N100,27,Level2Sigma[5],686,1.0018
Study1_Tb3_N100,27,Level2Sigma[6],403,1.0067
Study1_Tb3_N100,27,Level2Sigma[7],516,1.0006
Study1_Tb3_N100,27,Level2Sigma[8],611,1.0001
Study1_Tb3_N100,27,"sigma_innovation[1,1]",392,1.0004
Study1_Tb3_N100,27,"sigma_innovation[2,1]",424,1.0032
Study1_Tb3_N100,27,"sigma_innovation[1,2]",424,1.0032
Study1_Tb3_N100,27,"sigma_innovation[2,2]",357,1.009
Study1_Tb3_N100,28,Level2Mean[1],21186,1.0001
Study1_Tb3_N100,28,Level2Mean[2],17396,1
Study1_Tb3_N100,28,Level2Mean[3],27798,1
Study1_Tb3_N100,28,Level2Mean[4],33056,1
Study1_Tb3_N100,28,Level2Mean[5],174,1.024
Study1_Tb3_N100,28,Level2Mean[6],218,1.0095
Study1_Tb3_N100,28,Level2Mean[7],257,1.016
Study1_Tb3_N100,28,Level2Mean[8],219,1
Study1_Tb3_N100,28,Level2Sigma[1],1468,1.0037
Study1_Tb3_N100,28,Level2Sigma[2],1044,1.0031
Study1_Tb3_N100,28,Level2Sigma[3],2881,1.0012
Study1_Tb3_N100,28,Level2Sigma[4],19996,1.0006
Study1_Tb3_N100,28,Level2Sigma[5],523,1.0017
Study1_Tb3_N100,28,Level2Sigma[6],461,1.0053
Study1_Tb3_N100,28,Level2Sigma[7],448,1.0021
Study1_Tb3_N100,28,Level2Sigma[8],556,1.0081
Study1_Tb3_N100,28,"sigma_innovation[1,1]",330,1.0125
Study1_Tb3_N100,28,"sigma_innovation[2,1]",525,1.006
Study1_Tb3_N100,28,"sigma_innovation[1,2]",525,1.006
Study1_Tb3_N100,28,"sigma_innovation[2,2]",462,1.0037
Study1_Tb3_N100,29,Level2Mean[1],19816,1
Study1_Tb3_N100,29,Level2Mean[2],22543,1
Study1_Tb3_N100,29,Level2Mean[3],27097,1
Study1_Tb3_N100,29,Level2Mean[4],30852,1
Study1_Tb3_N100,29,Level2Mean[5],156,1.0004
Study1_Tb3_N100,29,Level2Mean[6],140,1.0075
Study1_Tb3_N100,29,Level2Mean[7],193,1.0001
Study1_Tb3_N100,29,Level2Mean[8],274,1.0009
Study1_Tb3_N100,29,Level2Sigma[1],1300,1.0001
Study1_Tb3_N100,29,Level2Sigma[2],1541,1.0016
Study1_Tb3_N100,29,Level2Sigma[3],3877,1
Study1_Tb3_N100,29,Level2Sigma[4],9156,1.0003
Study1_Tb3_N100,29,Level2Sigma[5],713,1.0006
Study1_Tb3_N100,29,Level2Sigma[6],542,1.0018
Study1_Tb3_N100,29,Level2Sigma[7],811,1.0007
Study1_Tb3_N100,29,Level2Sigma[8],567,1.0002
Study1_Tb3_N100,29,"sigma_innovation[1,1]",305,1.0006
Study1_Tb3_N100,29,"sigma_innovation[2,1]",445,1.0004
Study1_Tb3_N100,29,"sigma_innovation[1,2]",445,1.0004
Study1_Tb3_N100,29,"sigma_innovation[2,2]",290,1.0058
Study1_Tb3_N100,30,Level2Mean[1],18299,1
Study1_Tb3_N100,30,Level2Mean[2],16465,1
Study1_Tb3_N100,30,Level2Mean[3],25823,1
Study1_Tb3_N100,30,Level2Mean[4],30434,1
Study1_Tb3_N100,30,Level2Mean[5],173,1.0119
Study1_Tb3_N100,30,Level2Mean[6],264,1
Study1_Tb3_N100,30,Level2Mean[7],258,1.0045
Study1_Tb3_N100,30,Level2Mean[8],251,1.0003
Study1_Tb3_N100,30,Level2Sigma[1],3435,1.0015
Study1_Tb3_N100,30,Level2Sigma[2],1496,1.0002
Study1_Tb3_N100,30,Level2Sigma[3],3685,1.0018
Study1_Tb3_N100,30,Level2Sigma[4],14689,1
Study1_Tb3_N100,30,Level2Sigma[5],729,1.0026
Study1_Tb3_N100,30,Level2Sigma[6],531,1.0017
Study1_Tb3_N100,30,Level2Sigma[7],324,1.0003
Study1_Tb3_N100,30,Level2Sigma[8],746,1.0013
Study1_Tb3_N100,30,"sigma_innovation[1,1]",476,1.0067
Study1_Tb3_N100,30,"sigma_innovation[2,1]",615,1.0013
Study1_Tb3_N100,30,"sigma_innovation[1,2]",615,1.0013
Study1_Tb3_N100,30,"sigma_innovation[2,2]",585,1
Study1_Tb3_N100,31,Level2Mean[1],16742,1
Study1_Tb3_N100,31,Level2Mean[2],19720,1
Study1_Tb3_N100,31,Level2Mean[3],26612,1
Study1_Tb3_N100,31,Level2Mean[4],29490,1.0001
Study1_Tb3_N100,31,Level2Mean[5],178,1.0003
Study1_Tb3_N100,31,Level2Mean[6],198,1.0183
Study1_Tb3_N100,31,Level2Mean[7],231,1.0012
Study1_Tb3_N100,31,Level2Mean[8],633,1.0002
Study1_Tb3_N100,31,Level2Sigma[1],1562,1
Study1_Tb3_N100,31,Level2Sigma[2],1333,1.0037
Study1_Tb3_N100,31,Level2Sigma[3],3629,1
Study1_Tb3_N100,31,Level2Sigma[4],5340,1.0007
Study1_Tb3_N100,31,Level2Sigma[5],742,1.0009
Study1_Tb3_N100,31,Level2Sigma[6],521,1.0058
Study1_Tb3_N100,31,Level2Sigma[7],741,1.0092
Study1_Tb3_N100,31,Level2Sigma[8],388,1.0007
Study1_Tb3_N100,31,"sigma_innovation[1,1]",470,1
Study1_Tb3_N100,31,"sigma_innovation[2,1]",669,1
Study1_Tb3_N100,31,"sigma_innovation[1,2]",669,1
Study1_Tb3_N100,31,"sigma_innovation[2,2]",420,1.0081
Study1_Tb3_N100,32,Level2Mean[1],18682,1.0001
Study1_Tb3_N100,32,Level2Mean[2],22257,1
Study1_Tb3_N100,32,Level2Mean[3],25190,1.0002
Study1_Tb3_N100,32,Level2Mean[4],34296,1
Study1_Tb3_N100,32,Level2Mean[5],263,1.0032
Study1_Tb3_N100,32,Level2Mean[6],248,1.0026
Study1_Tb3_N100,32,Level2Mean[7],252,1
Study1_Tb3_N100,32,Level2Mean[8],321,1.001
Study1_Tb3_N100,32,Level2Sigma[1],2545,1.0011
Study1_Tb3_N100,32,Level2Sigma[2],2058,1.0006
Study1_Tb3_N100,32,Level2Sigma[3],7142,1
Study1_Tb3_N100,32,Level2Sigma[4],17793,1
Study1_Tb3_N100,32,Level2Sigma[5],643,1
Study1_Tb3_N100,32,Level2Sigma[6],350,1.0071
Study1_Tb3_N100,32,Level2Sigma[7],685,1.0014
Study1_Tb3_N100,32,Level2Sigma[8],448,1.0003
Study1_Tb3_N100,32,"sigma_innovation[1,1]",687,1.0013
Study1_Tb3_N100,32,"sigma_innovation[2,1]",488,1
Study1_Tb3_N100,32,"sigma_innovation[1,2]",488,1
Study1_Tb3_N100,32,"sigma_innovation[2,2]",638,1.0012
Study1_Tb3_N100,33,Level2Mean[1],16059,1
Study1_Tb3_N100,33,Level2Mean[2],6924,1
Study1_Tb3_N100,33,Level2Mean[3],27151,1.0001
Study1_Tb3_N100,33,Level2Mean[4],26288,1.0001
Study1_Tb3_N100,33,Level2Mean[5],200,1.0015
Study1_Tb3_N100,33,Level2Mean[6],220,1.0001
Study1_Tb3_N100,33,Level2Mean[7],207,1.0027
Study1_Tb3_N100,33,Level2Mean[8],366,1.0001
Study1_Tb3_N100,33,Level2Sigma[1],1091,1.0003
Study1_Tb3_N100,33,Level2Sigma[2],763,1
Study1_Tb3_N100,33,Level2Sigma[3],2533,1.0006
Study1_Tb3_N100,33,Level2Sigma[4],2773,1
Study1_Tb3_N100,33,Level2Sigma[5],499,1.0003
Study1_Tb3_N100,33,Level2Sigma[6],496,1
Study1_Tb3_N100,33,Level2Sigma[7],346,1
Study1_Tb3_N100,33,Level2Sigma[8],460,1.0008
Study1_Tb3_N100,33,"sigma_innovation[1,1]",361,1.0007
Study1_Tb3_N100,33,"sigma_innovation[2,1]",596,1.0018
Study1_Tb3_N100,33,"sigma_innovation[1,2]",596,1.0018
Study1_Tb3_N100,33,"sigma_innovation[2,2]",513,1.0001
Study1_Tb3_N100,34,Level2Mean[1],19229,1.0001
Study1_Tb3_N100,34,Level2Mean[2],21222,1.0001
Study1_Tb3_N100,34,Level2Mean[3],28717,1.0002
Study1_Tb3_N100,34,Level2Mean[4],34387,1
Study1_Tb3_N100,34,Level2Mean[5],135,1.0749
Study1_Tb3_N100,34,Level2Mean[6],263,1.0066
Study1_Tb3_N100,34,Level2Mean[7],300,1.0014
Study1_Tb3_N100,34,Level2Mean[8],272,1.0431
Study1_Tb3_N100,34,Level2Sigma[1],861,1.0154
Study1_Tb3_N100,34,Level2Sigma[2],3209,1
Study1_Tb3_N100,34,Level2Sigma[3],3430,1.0064
Study1_Tb3_N100,34,Level2Sigma[4],12795,1
Study1_Tb3_N100,34,Level2Sigma[5],522,1.0032
Study1_Tb3_N100,34,Level2Sigma[6],553,1
Study1_Tb3_N100,34,Level2Sigma[7],423,1.0007
Study1_Tb3_N100,34,Level2Sigma[8],363,1
Study1_Tb3_N100,34,"sigma_innovation[1,1]",256,1.0363
Study1_Tb3_N100,34,"sigma_innovation[2,1]",831,1.0002
Study1_Tb3_N100,34,"sigma_innovation[1,2]",831,1.0002
Study1_Tb3_N100,34,"sigma_innovation[2,2]",740,1.0032
Study1_Tb3_N100,35,Level2Mean[1],16613,1
Study1_Tb3_N100,35,Level2Mean[2],6497,1
Study1_Tb3_N100,35,Level2Mean[3],19529,1
Study1_Tb3_N100,35,Level2Mean[4],25576,1.0001
Study1_Tb3_N100,35,Level2Mean[5],118,1.0024
Study1_Tb3_N100,35,Level2Mean[6],312,1.0018
Study1_Tb3_N100,35,Level2Mean[7],309,1
Study1_Tb3_N100,35,Level2Mean[8],334,1
Study1_Tb3_N100,35,Level2Sigma[1],813,1.0007
Study1_Tb3_N100,35,Level2Sigma[2],916,1.0003
Study1_Tb3_N100,35,Level2Sigma[3],1042,1.0002
Study1_Tb3_N100,35,Level2Sigma[4],5422,1.0001
Study1_Tb3_N100,35,Level2Sigma[5],424,1.0076
Study1_Tb3_N100,35,Level2Sigma[6],345,1.0021
Study1_Tb3_N100,35,Level2Sigma[7],390,1.0022
Study1_Tb3_N100,35,Level2Sigma[8],534,1.004
Study1_Tb3_N100,35,"sigma_innovation[1,1]",188,1.0027
Study1_Tb3_N100,35,"sigma_innovation[2,1]",689,1.0002
Study1_Tb3_N100,35,"sigma_innovation[1,2]",689,1.0002
Study1_Tb3_N100,35,"sigma_innovation[2,2]",565,1
Study1_Tb3_N100,36,Level2Mean[1],15109,1
Study1_Tb3_N100,36,Level2Mean[2],14802,1.0001
Study1_Tb3_N100,36,Level2Mean[3],25606,1
Study1_Tb3_N100,36,Level2Mean[4],29980,1.0001
Study1_Tb3_N100,36,Level2Mean[5],184,1.0051
Study1_Tb3_N100,36,Level2Mean[6],288,1.0011
Study1_Tb3_N100,36,Level2Mean[7],295,1.0005
Study1_Tb3_N100,36,Level2Mean[8],330,1.0039
Study1_Tb3_N100,36,Level2Sigma[1],1279,1.0005
Study1_Tb3_N100,36,Level2Sigma[2],1836,1.0004
Study1_Tb3_N100,36,Level2Sigma[3],4434,1.0002
Study1_Tb3_N100,36,Level2Sigma[4],8070,1
Study1_Tb3_N100,36,Level2Sigma[5],631,1.0002
Study1_Tb3_N100,36,Level2Sigma[6],545,1.0099
Study1_Tb3_N100,36,Level2Sigma[7],513,1
Study1_Tb3_N100,36,Level2Sigma[8],612,1.0001
Study1_Tb3_N100,36,"sigma_innovation[1,1]",445,1.0022
Study1_Tb3_N100,36,"sigma_innovation[2,1]",999,1
Study1_Tb3_N100,36,"sigma_innovation[1,2]",999,1
Study1_Tb3_N100,36,"sigma_innovation[2,2]",849,1.0009
Study1_Tb3_N100,37,Level2Mean[1],18724,1
Study1_Tb3_N100,37,Level2Mean[2],20859,1
Study1_Tb3_N100,37,Level2Mean[3],25761,1
Study1_Tb3_N100,37,Level2Mean[4],32666,1
Study1_Tb3_N100,37,Level2Mean[5],204,1
Study1_Tb3_N100,37,Level2Mean[6],209,1.0005
Study1_Tb3_N100,37,Level2Mean[7],443,1.0023
Study1_Tb3_N100,37,Level2Mean[8],355,1.0009
Study1_Tb3_N100,37,Level2Sigma[1],1697,1
Study1_Tb3_N100,37,Level2Sigma[2],2140,1
Study1_Tb3_N100,37,Level2Sigma[3],6515,1
Study1_Tb3_N100,37,Level2Sigma[4],14104,1
Study1_Tb3_N100,37,Level2Sigma[5],594,1.0006
Study1_Tb3_N100,37,Level2Sigma[6],495,1
Study1_Tb3_N100,37,Level2Sigma[7],258,1.0004
Study1_Tb3_N100,37,Level2Sigma[8],612,1.0002
Study1_Tb3_N100,37,"sigma_innovation[1,1]",439,1
Study1_Tb3_N100,37,"sigma_innovation[2,1]",866,1.0001
Study1_Tb3_N100,37,"sigma_innovation[1,2]",866,1.0001
Study1_Tb3_N100,37,"sigma_innovation[2,2]",399,1
Study1_Tb3_N100,38,Level2Mean[1],14857,1
Study1_Tb3_N100,38,Level2Mean[2],21167,1.0001
Study1_Tb3_N100,38,Level2Mean[3],24086,1
Study1_Tb3_N100,38,Level2Mean[4],31060,1
Study1_Tb3_N100,38,Level2Mean[5],125,1.0002
Study1_Tb3_N100,38,Level2Mean[6],193,1.0054
Study1_Tb3_N100,38,Level2Mean[7],412,1
Study1_Tb3_N100,38,Level2Mean[8],249,1
Study1_Tb3_N100,38,Level2Sigma[1],720,1
Study1_Tb3_N100,38,Level2Sigma[2],1140,1.0008
Study1_Tb3_N100,38,Level2Sigma[3],1496,1
Study1_Tb3_N100,38,Level2Sigma[4],9801,1.0003
Study1_Tb3_N100,38,Level2Sigma[5],523,1.0016
Study1_Tb3_N100,38,Level2Sigma[6],431,1.0001
Study1_Tb3_N100,38,Level2Sigma[7],404,1.0009
Study1_Tb3_N100,38,Level2Sigma[8],622,1.0027
Study1_Tb3_N100,38,"sigma_innovation[1,1]",229,1.0001
Study1_Tb3_N100,38,"sigma_innovation[2,1]",679,1.0001
Study1_Tb3_N100,38,"sigma_innovation[1,2]",679,1.0001
Study1_Tb3_N100,38,"sigma_innovation[2,2]",440,1.0032
Study1_Tb3_N100,39,Level2Mean[1],25375,1
Study1_Tb3_N100,39,Level2Mean[2],19627,1
Study1_Tb3_N100,39,Level2Mean[3],29709,1
Study1_Tb3_N100,39,Level2Mean[4],30912,1
Study1_Tb3_N100,39,Level2Mean[5],249,1.0001
Study1_Tb3_N100,39,Level2Mean[6],273,1.0035
Study1_Tb3_N100,39,Level2Mean[7],301,1.0034
Study1_Tb3_N100,39,Level2Mean[8],306,1
Study1_Tb3_N100,39,Level2Sigma[1],2434,1.0008
Study1_Tb3_N100,39,Level2Sigma[2],2459,1.0005
Study1_Tb3_N100,39,Level2Sigma[3],4924,1
Study1_Tb3_N100,39,Level2Sigma[4],6742,1.0001
Study1_Tb3_N100,39,Level2Sigma[5],536,1.0003
Study1_Tb3_N100,39,Level2Sigma[6],406,1.0002
Study1_Tb3_N100,39,Level2Sigma[7],491,1.0065
Study1_Tb3_N100,39,Level2Sigma[8],443,1.0007
Study1_Tb3_N100,39,"sigma_innovation[1,1]",502,1.0003
Study1_Tb3_N100,39,"sigma_innovation[2,1]",679,1.0003
Study1_Tb3_N100,39,"sigma_innovation[1,2]",679,1.0003
Study1_Tb3_N100,39,"sigma_innovation[2,2]",735,1.0011
Study1_Tb3_N100,40,Level2Mean[1],21763,1
Study1_Tb3_N100,40,Level2Mean[2],12986,1.0002
Study1_Tb3_N100,40,Level2Mean[3],24345,1
Study1_Tb3_N100,40,Level2Mean[4],29583,1.0001
Study1_Tb3_N100,40,Level2Mean[5],142,1.0063
Study1_Tb3_N100,40,Level2Mean[6],404,1.0005
Study1_Tb3_N100,40,Level2Mean[7],264,1.0004
Study1_Tb3_N100,40,Level2Mean[8],228,1.0018
Study1_Tb3_N100,40,Level2Sigma[1],1424,1.0007
Study1_Tb3_N100,40,Level2Sigma[2],1890,1.0003
Study1_Tb3_N100,40,Level2Sigma[3],2441,1.0005
Study1_Tb3_N100,40,Level2Sigma[4],7385,1
Study1_Tb3_N100,40,Level2Sigma[5],535,1.0001
Study1_Tb3_N100,40,Level2Sigma[6],452,1.0009
Study1_Tb3_N100,40,Level2Sigma[7],538,1
Study1_Tb3_N100,40,Level2Sigma[8],431,1.0004
Study1_Tb3_N100,40,"sigma_innovation[1,1]",277,1.0034
Study1_Tb3_N100,40,"sigma_innovation[2,1]",651,1.0003
Study1_Tb3_N100,40,"sigma_innovation[1,2]",651,1.0003
Study1_Tb3_N100,40,"sigma_innovation[2,2]",985,1
Study1_Tb3_N100,41,Level2Mean[1],11208,1
Study1_Tb3_N100,41,Level2Mean[2],18670,1
Study1_Tb3_N100,41,Level2Mean[3],23946,1
Study1_Tb3_N100,41,Level2Mean[4],33033,1
Study1_Tb3_N100,41,Level2Mean[5],269,1.0001
Study1_Tb3_N100,41,Level2Mean[6],198,1.003
Study1_Tb3_N100,41,Level2Mean[7],256,1.0061
Study1_Tb3_N100,41,Level2Mean[8],292,1.0006
Study1_Tb3_N100,41,Level2Sigma[1],1001,1
Study1_Tb3_N100,41,Level2Sigma[2],1366,1.0004
Study1_Tb3_N100,41,Level2Sigma[3],2852,1.0002
Study1_Tb3_N100,41,Level2Sigma[4],6606,1.0001
Study1_Tb3_N100,41,Level2Sigma[5],416,1.0019
Study1_Tb3_N100,41,Level2Sigma[6],418,1.0007
Study1_Tb3_N100,41,Level2Sigma[7],494,1.0015
Study1_Tb3_N100,41,Level2Sigma[8],567,1.0003
Study1_Tb3_N100,41,"sigma_innovation[1,1]",628,1
Study1_Tb3_N100,41,"sigma_innovation[2,1]",795,1.0004
Study1_Tb3_N100,41,"sigma_innovation[1,2]",795,1.0004
Study1_Tb3_N100,41,"sigma_innovation[2,2]",527,1.0009
Study1_Tb3_N100,42,Level2Mean[1],21317,1
Study1_Tb3_N100,42,Level2Mean[2],22409,1
Study1_Tb3_N100,42,Level2Mean[3],30018,1
Study1_Tb3_N100,42,Level2Mean[4],29429,1
Study1_Tb3_N100,42,Level2Mean[5],177,1.0009
Study1_Tb3_N100,42,Level2Mean[6],191,1
Study1_Tb3_N100,42,Level2Mean[7],221,1.0001
Study1_Tb3_N100,42,Level2Mean[8],263,1.0012
Study1_Tb3_N100,42,Level2Sigma[1],2798,1.0006
Study1_Tb3_N100,42,Level2Sigma[2],1897,1
Study1_Tb3_N100,42,Level2Sigma[3],10080,1.0002
Study1_Tb3_N100,42,Level2Sigma[4],13779,1
Study1_Tb3_N100,42,Level2Sigma[5],605,1.002
Study1_Tb3_N100,42,Level2Sigma[6],505,1.0006
Study1_Tb3_N100,42,Level2Sigma[7],543,1.0002
Study1_Tb3_N100,42,Level2Sigma[8],689,1.0006
Study1_Tb3_N100,42,"sigma_innovation[1,1]",450,1.0012
Study1_Tb3_N100,42,"sigma_innovation[2,1]",528,1
Study1_Tb3_N100,42,"sigma_innovation[1,2]",528,1
Study1_Tb3_N100,42,"sigma_innovation[2,2]",539,1
Study1_Tb3_N100,43,Level2Mean[1],12608,1
Study1_Tb3_N100,43,Level2Mean[2],11304,1
Study1_Tb3_N100,43,Level2Mean[3],26944,1.0001
Study1_Tb3_N100,43,Level2Mean[4],28451,1
Study1_Tb3_N100,43,Level2Mean[5],517,1.0017
Study1_Tb3_N100,43,Level2Mean[6],238,1
Study1_Tb3_N100,43,Level2Mean[7],348,1
Study1_Tb3_N100,43,Level2Mean[8],434,1.0037
Study1_Tb3_N100,43,Level2Sigma[1],1526,1.0014
Study1_Tb3_N100,43,Level2Sigma[2],1344,1
Study1_Tb3_N100,43,Level2Sigma[3],5669,1
Study1_Tb3_N100,43,Level2Sigma[4],7831,1
Study1_Tb3_N100,43,Level2Sigma[5],371,1.0005
Study1_Tb3_N100,43,Level2Sigma[6],624,1.0001
Study1_Tb3_N100,43,Level2Sigma[7],596,1.0006
Study1_Tb3_N100,43,Level2Sigma[8],517,1.0001
Study1_Tb3_N100,43,"sigma_innovation[1,1]",896,1.0004
Study1_Tb3_N100,43,"sigma_innovation[2,1]",907,1.0001
Study1_Tb3_N100,43,"sigma_innovation[1,2]",907,1.0001
Study1_Tb3_N100,43,"sigma_innovation[2,2]",745,1
Study1_Tb3_N100,44,Level2Mean[1],27686,1
Study1_Tb3_N100,44,Level2Mean[2],17022,1
Study1_Tb3_N100,44,Level2Mean[3],32043,1
Study1_Tb3_N100,44,Level2Mean[4],33525,1
Study1_Tb3_N100,44,Level2Mean[5],231,1.026
Study1_Tb3_N100,44,Level2Mean[6],186,1.0161
Study1_Tb3_N100,44,Level2Mean[7],263,1.0074
Study1_Tb3_N100,44,Level2Mean[8],345,1.0068
Study1_Tb3_N100,44,Level2Sigma[1],4625,1.0012
Study1_Tb3_N100,44,Level2Sigma[2],655,1.0055
Study1_Tb3_N100,44,Level2Sigma[3],14371,1.0003
Study1_Tb3_N100,44,Level2Sigma[4],6058,1.0003
Study1_Tb3_N100,44,Level2Sigma[5],533,1.0086
Study1_Tb3_N100,44,Level2Sigma[6],430,1
Study1_Tb3_N100,44,Level2Sigma[7],424,1.0023
Study1_Tb3_N100,44,Level2Sigma[8],564,1.0013
Study1_Tb3_N100,44,"sigma_innovation[1,1]",461,1.0111
Study1_Tb3_N100,44,"sigma_innovation[2,1]",620,1.0001
Study1_Tb3_N100,44,"sigma_innovation[1,2]",620,1.0001
Study1_Tb3_N100,44,"sigma_innovation[2,2]",419,1.0105
Study1_Tb3_N100,45,Level2Mean[1],14060,1
Study1_Tb3_N100,45,Level2Mean[2],14198,1
Study1_Tb3_N100,45,Level2Mean[3],22651,1
Study1_Tb3_N100,45,Level2Mean[4],31381,1
Study1_Tb3_N100,45,Level2Mean[5],204,1.0216
Study1_Tb3_N100,45,Level2Mean[6],189,1.0047
Study1_Tb3_N100,45,Level2Mean[7],209,1.001
Study1_Tb3_N100,45,Level2Mean[8],272,1.0134
Study1_Tb3_N100,45,Level2Sigma[1],1478,1.003
Study1_Tb3_N100,45,Level2Sigma[2],1127,1.0007
Study1_Tb3_N100,45,Level2Sigma[3],4069,1.002
Study1_Tb3_N100,45,Level2Sigma[4],6990,1.0005
Study1_Tb3_N100,45,Level2Sigma[5],611,1.0019
Study1_Tb3_N100,45,Level2Sigma[6],444,1.0001
Study1_Tb3_N100,45,Level2Sigma[7],665,1.0001
Study1_Tb3_N100,45,Level2Sigma[8],509,1.0057
Study1_Tb3_N100,45,"sigma_innovation[1,1]",423,1.0132
Study1_Tb3_N100,45,"sigma_innovation[2,1]",625,1
Study1_Tb3_N100,45,"sigma_innovation[1,2]",625,1
Study1_Tb3_N100,45,"sigma_innovation[2,2]",517,1.002
Study1_Tb3_N100,46,Level2Mean[1],17047,1.0001
Study1_Tb3_N100,46,Level2Mean[2],14625,1.0003
Study1_Tb3_N100,46,Level2Mean[3],29047,1
Study1_Tb3_N100,46,Level2Mean[4],32417,1
Study1_Tb3_N100,46,Level2Mean[5],206,1.0049
Study1_Tb3_N100,46,Level2Mean[6],189,1.0002
Study1_Tb3_N100,46,Level2Mean[7],212,1.0002
Study1_Tb3_N100,46,Level2Mean[8],420,1.0026
Study1_Tb3_N100,46,Level2Sigma[1],1631,1.0015
Study1_Tb3_N100,46,Level2Sigma[2],774,1
Study1_Tb3_N100,46,Level2Sigma[3],6898,1.0002
Study1_Tb3_N100,46,Level2Sigma[4],11711,1
Study1_Tb3_N100,46,Level2Sigma[5],450,1.0093
Study1_Tb3_N100,46,Level2Sigma[6],444,1.0005
Study1_Tb3_N100,46,Level2Sigma[7],589,1.0009
Study1_Tb3_N100,46,Level2Sigma[8],462,1.0005
Study1_Tb3_N100,46,"sigma_innovation[1,1]",493,1.0032
Study1_Tb3_N100,46,"sigma_innovation[2,1]",879,1.0001
Study1_Tb3_N100,46,"sigma_innovation[1,2]",879,1.0001
Study1_Tb3_N100,46,"sigma_innovation[2,2]",566,1
Study1_Tb3_N100,47,Level2Mean[1],16557,1
Study1_Tb3_N100,47,Level2Mean[2],17345,1
Study1_Tb3_N100,47,Level2Mean[3],25431,1
Study1_Tb3_N100,47,Level2Mean[4],30995,1
Study1_Tb3_N100,47,Level2Mean[5],215,1.006
Study1_Tb3_N100,47,Level2Mean[6],186,1.0046
Study1_Tb3_N100,47,Level2Mean[7],253,1.0016
Study1_Tb3_N100,47,Level2Mean[8],327,1.0009
Study1_Tb3_N100,47,Level2Sigma[1],1280,1.0032
Study1_Tb3_N100,47,Level2Sigma[2],949,1.0027
Study1_Tb3_N100,47,Level2Sigma[3],3317,1.0008
Study1_Tb3_N100,47,Level2Sigma[4],8728,1.0001
Study1_Tb3_N100,47,Level2Sigma[5],394,1.0065
Study1_Tb3_N100,47,Level2Sigma[6],574,1.0009
Study1_Tb3_N100,47,Level2Sigma[7],450,1.0063
Study1_Tb3_N100,47,Level2Sigma[8],568,1.0001
Study1_Tb3_N100,47,"sigma_innovation[1,1]",421,1.0033
Study1_Tb3_N100,47,"sigma_innovation[2,1]",524,1.003
Study1_Tb3_N100,47,"sigma_innovation[1,2]",524,1.003
Study1_Tb3_N100,47,"sigma_innovation[2,2]",364,1.0044
Study1_Tb3_N100,48,Level2Mean[1],17106,1
Study1_Tb3_N100,48,Level2Mean[2],20246,1
Study1_Tb3_N100,48,Level2Mean[3],25542,1
Study1_Tb3_N100,48,Level2Mean[4],32298,1.0001
Study1_Tb3_N100,48,Level2Mean[5],195,1.0035
Study1_Tb3_N100,48,Level2Mean[6],255,1.0001
Study1_Tb3_N100,48,Level2Mean[7],220,1.0058
Study1_Tb3_N100,48,Level2Mean[8],285,1.0093
Study1_Tb3_N100,48,Level2Sigma[1],1355,1.0001
Study1_Tb3_N100,48,Level2Sigma[2],1315,1.0001
Study1_Tb3_N100,48,Level2Sigma[3],6503,1
Study1_Tb3_N100,48,Level2Sigma[4],20783,1.0001
Study1_Tb3_N100,48,Level2Sigma[5],704,1.0022
Study1_Tb3_N100,48,Level2Sigma[6],450,1.0014
Study1_Tb3_N100,48,Level2Sigma[7],639,1.0016
Study1_Tb3_N100,48,Level2Sigma[8],561,1.0003
Study1_Tb3_N100,48,"sigma_innovation[1,1]",486,1.0003
Study1_Tb3_N100,48,"sigma_innovation[2,1]",589,1.0049
Study1_Tb3_N100,48,"sigma_innovation[1,2]",589,1.0049
Study1_Tb3_N100,48,"sigma_innovation[2,2]",694,1
Study1_Tb3_N100,49,Level2Mean[1],11545,1.0001
Study1_Tb3_N100,49,Level2Mean[2],16881,1
Study1_Tb3_N100,49,Level2Mean[3],23236,1
Study1_Tb3_N100,49,Level2Mean[4],31437,1
Study1_Tb3_N100,49,Level2Mean[5],198,1.0009
Study1_Tb3_N100,49,Level2Mean[6],297,1.0003
Study1_Tb3_N100,49,Level2Mean[7],301,1.0005
Study1_Tb3_N100,49,Level2Mean[8],331,1.0071
Study1_Tb3_N100,49,Level2Sigma[1],980,1
Study1_Tb3_N100,49,Level2Sigma[2],2578,1.0005
Study1_Tb3_N100,49,Level2Sigma[3],3946,1
Study1_Tb3_N100,49,Level2Sigma[4],11332,1
Study1_Tb3_N100,49,Level2Sigma[5],569,1.007
Study1_Tb3_N100,49,Level2Sigma[6],242,1.0002
Study1_Tb3_N100,49,Level2Sigma[7],484,1
Study1_Tb3_N100,49,Level2Sigma[8],554,1.0012
Study1_Tb3_N100,49,"sigma_innovation[1,1]",607,1
Study1_Tb3_N100,49,"sigma_innovation[2,1]",822,1
Study1_Tb3_N100,49,"sigma_innovation[1,2]",822,1
Study1_Tb3_N100,49,"sigma_innovation[2,2]",758,1.0006
Study1_Tb3_N100,50,Level2Mean[1],21747,1
Study1_Tb3_N100,50,Level2Mean[2],24332,1
Study1_Tb3_N100,50,Level2Mean[3],29048,1
Study1_Tb3_N100,50,Level2Mean[4],34233,1
Study1_Tb3_N100,50,Level2Mean[5],212,1.0012
Study1_Tb3_N100,50,Level2Mean[6],222,1.0033
Study1_Tb3_N100,50,Level2Mean[7],387,1.0034
Study1_Tb3_N100,50,Level2Mean[8],330,1.0003
Study1_Tb3_N100,50,Level2Sigma[1],1331,1
Study1_Tb3_N100,50,Level2Sigma[2],2991,1.0008
Study1_Tb3_N100,50,Level2Sigma[3],3514,1.0004
Study1_Tb3_N100,50,Level2Sigma[4],10138,1.0002
Study1_Tb3_N100,50,Level2Sigma[5],511,1.0003
Study1_Tb3_N100,50,Level2Sigma[6],243,1.0034
Study1_Tb3_N100,50,Level2Sigma[7],306,1.0017
Study1_Tb3_N100,50,Level2Sigma[8],539,1.0021
Study1_Tb3_N100,50,"sigma_innovation[1,1]",400,1.0007
Study1_Tb3_N100,50,"sigma_innovation[2,1]",660,1.0002
Study1_Tb3_N100,50,"sigma_innovation[1,2]",660,1.0002
Study1_Tb3_N100,50,"sigma_innovation[2,2]",614,1.0004
Study1_Tb3_N100,51,Level2Mean[1],17017,1
Study1_Tb3_N100,51,Level2Mean[2],14593,1
Study1_Tb3_N100,51,Level2Mean[3],27011,1
Study1_Tb3_N100,51,Level2Mean[4],33023,1
Study1_Tb3_N100,51,Level2Mean[5],154,1.0135
Study1_Tb3_N100,51,Level2Mean[6],238,1.0045
Study1_Tb3_N100,51,Level2Mean[7],325,1.0098
Study1_Tb3_N100,51,Level2Mean[8],272,1.0068
Study1_Tb3_N100,51,Level2Sigma[1],1526,1.0026
Study1_Tb3_N100,51,Level2Sigma[2],2887,1.0002
Study1_Tb3_N100,51,Level2Sigma[3],8180,1.0004
Study1_Tb3_N100,51,Level2Sigma[4],26102,1
Study1_Tb3_N100,51,Level2Sigma[5],745,1
Study1_Tb3_N100,51,Level2Sigma[6],708,1.0003
Study1_Tb3_N100,51,Level2Sigma[7],581,1.0035
Study1_Tb3_N100,51,Level2Sigma[8],556,1
Study1_Tb3_N100,51,"sigma_innovation[1,1]",366,1.0064
Study1_Tb3_N100,51,"sigma_innovation[2,1]",838,1.001
Study1_Tb3_N100,51,"sigma_innovation[1,2]",838,1.001
Study1_Tb3_N100,51,"sigma_innovation[2,2]",1028,1.0001
Study1_Tb3_N100,52,Level2Mean[1],18904,1
Study1_Tb3_N100,52,Level2Mean[2],27039,1
Study1_Tb3_N100,52,Level2Mean[3],27687,1
Study1_Tb3_N100,52,Level2Mean[4],34314,1
Study1_Tb3_N100,52,Level2Mean[5],193,1.0058
Study1_Tb3_N100,52,Level2Mean[6],163,1.0319
Study1_Tb3_N100,52,Level2Mean[7],228,1.0253
Study1_Tb3_N100,52,Level2Mean[8],210,1.0006
Study1_Tb3_N100,52,Level2Sigma[1],1903,1.0013
Study1_Tb3_N100,52,Level2Sigma[2],3658,1.0018
Study1_Tb3_N100,52,Level2Sigma[3],5057,1.0002
Study1_Tb3_N100,52,Level2Sigma[4],14835,1.0004
Study1_Tb3_N100,52,Level2Sigma[5],584,1.0028
Study1_Tb3_N100,52,Level2Sigma[6],616,1.0068
Study1_Tb3_N100,52,Level2Sigma[7],415,1.0007
Study1_Tb3_N100,52,Level2Sigma[8],640,1.0082
Study1_Tb3_N100,52,"sigma_innovation[1,1]",460,1.0043
Study1_Tb3_N100,52,"sigma_innovation[2,1]",383,1.0033
Study1_Tb3_N100,52,"sigma_innovation[1,2]",383,1.0033
Study1_Tb3_N100,52,"sigma_innovation[2,2]",324,1.0098
Study1_Tb3_N100,53,Level2Mean[1],16463,1
Study1_Tb3_N100,53,Level2Mean[2],24716,1.0001
Study1_Tb3_N100,53,Level2Mean[3],24140,1
Study1_Tb3_N100,53,Level2Mean[4],32364,1
Study1_Tb3_N100,53,Level2Mean[5],172,1.001
Study1_Tb3_N100,53,Level2Mean[6],276,1.003
Study1_Tb3_N100,53,Level2Mean[7],180,1.0077
Study1_Tb3_N100,53,Level2Mean[8],360,1
Study1_Tb3_N100,53,Level2Sigma[1],1857,1
Study1_Tb3_N100,53,Level2Sigma[2],4135,1.0001
Study1_Tb3_N100,53,Level2Sigma[3],2737,1.0001
Study1_Tb3_N100,53,Level2Sigma[4],9997,1
Study1_Tb3_N100,53,Level2Sigma[5],540,1.0033
Study1_Tb3_N100,53,Level2Sigma[6],468,1.0005
Study1_Tb3_N100,53,Level2Sigma[7],579,1
Study1_Tb3_N100,53,Level2Sigma[8],447,1.0013
Study1_Tb3_N100,53,"sigma_innovation[1,1]",424,1.0006
Study1_Tb3_N100,53,"sigma_innovation[2,1]",623,1.002
Study1_Tb3_N100,53,"sigma_innovation[1,2]",623,1.002
Study1_Tb3_N100,53,"sigma_innovation[2,2]",609,1
Study1_Tb3_N100,54,Level2Mean[1],18224,1
Study1_Tb3_N100,54,Level2Mean[2],21280,1
Study1_Tb3_N100,54,Level2Mean[3],25032,1
Study1_Tb3_N100,54,Level2Mean[4],28130,1
Study1_Tb3_N100,54,Level2Mean[5],125,1
Study1_Tb3_N100,54,Level2Mean[6],272,1.0005
Study1_Tb3_N100,54,Level2Mean[7],226,1.0027
Study1_Tb3_N100,54,Level2Mean[8],178,1.0023
Study1_Tb3_N100,54,Level2Sigma[1],970,1
Study1_Tb3_N100,54,Level2Sigma[2],3731,1.0001
Study1_Tb3_N100,54,Level2Sigma[3],2370,1
Study1_Tb3_N100,54,Level2Sigma[4],7452,1
Study1_Tb3_N100,54,Level2Sigma[5],568,1.0093
Study1_Tb3_N100,54,Level2Sigma[6],496,1.011
Study1_Tb3_N100,54,Level2Sigma[7],672,1.0026
Study1_Tb3_N100,54,Level2Sigma[8],680,1.0099
Study1_Tb3_N100,54,"sigma_innovation[1,1]",294,1
Study1_Tb3_N100,54,"sigma_innovation[2,1]",766,1.0019
Study1_Tb3_N100,54,"sigma_innovation[1,2]",766,1.0019
Study1_Tb3_N100,54,"sigma_innovation[2,2]",799,1.0001
Study1_Tb3_N100,55,Level2Mean[1],21723,1
Study1_Tb3_N100,55,Level2Mean[2],14306,1
Study1_Tb3_N100,55,Level2Mean[3],28024,1
Study1_Tb3_N100,55,Level2Mean[4],29785,1
Study1_Tb3_N100,55,Level2Mean[5],133,1.0121
Study1_Tb3_N100,55,Level2Mean[6],219,1.0047
Study1_Tb3_N100,55,Level2Mean[7],226,1.0042
Study1_Tb3_N100,55,Level2Mean[8],234,1.0024
Study1_Tb3_N100,55,Level2Sigma[1],1264,1.0013
Study1_Tb3_N100,55,Level2Sigma[2],1082,1.0011
Study1_Tb3_N100,55,Level2Sigma[3],3064,1.0012
Study1_Tb3_N100,55,Level2Sigma[4],20132,1
Study1_Tb3_N100,55,Level2Sigma[5],583,1.0003
Study1_Tb3_N100,55,Level2Sigma[6],566,1.0026
Study1_Tb3_N100,55,Level2Sigma[7],470,1.0003
Study1_Tb3_N100,55,Level2Sigma[8],502,1
Study1_Tb3_N100,55,"sigma_innovation[1,1]",269,1.0056
Study1_Tb3_N100,55,"sigma_innovation[2,1]",577,1.0007
Study1_Tb3_N100,55,"sigma_innovation[1,2]",577,1.0007
Study1_Tb3_N100,55,"sigma_innovation[2,2]",626,1.0018
Study1_Tb3_N100,56,Level2Mean[1],28348,1
Study1_Tb3_N100,56,Level2Mean[2],16622,1.0001
Study1_Tb3_N100,56,Level2Mean[3],32731,1
Study1_Tb3_N100,56,Level2Mean[4],29382,1
Study1_Tb3_N100,56,Level2Mean[5],226,1
Study1_Tb3_N100,56,Level2Mean[6],139,1.0167
Study1_Tb3_N100,56,Level2Mean[7],210,1.0021
Study1_Tb3_N100,56,Level2Mean[8],235,1.0075
Study1_Tb3_N100,56,Level2Sigma[1],13456,1.0003
Study1_Tb3_N100,56,Level2Sigma[2],812,1.0036
Study1_Tb3_N100,56,Level2Sigma[3],24070,1
Study1_Tb3_N100,56,Level2Sigma[4],13201,1.0001
Study1_Tb3_N100,56,Level2Sigma[5],533,1.0081
Study1_Tb3_N100,56,Level2Sigma[6],576,1.0024
Study1_Tb3_N100,56,Level2Sigma[7],555,1
Study1_Tb3_N100,56,Level2Sigma[8],652,1.0004
Study1_Tb3_N100,56,"sigma_innovation[1,1]",741,1.0004
Study1_Tb3_N100,56,"sigma_innovation[2,1]",489,1.003
Study1_Tb3_N100,56,"sigma_innovation[1,2]",489,1.003
Study1_Tb3_N100,56,"sigma_innovation[2,2]",336,1.0092
Study1_Tb3_N100,57,Level2Mean[1],21737,1
Study1_Tb3_N100,57,Level2Mean[2],18525,1
Study1_Tb3_N100,57,Level2Mean[3],26074,1
Study1_Tb3_N100,57,Level2Mean[4],31917,1
Study1_Tb3_N100,57,Level2Mean[5],146,1.005
Study1_Tb3_N100,57,Level2Mean[6],161,1.012
Study1_Tb3_N100,57,Level2Mean[7],221,1.0031
Study1_Tb3_N100,57,Level2Mean[8],233,1.0113
Study1_Tb3_N100,57,Level2Sigma[1],1925,1.0002
Study1_Tb3_N100,57,Level2Sigma[2],884,1.0051
Study1_Tb3_N100,57,Level2Sigma[3],2427,1.0003
Study1_Tb3_N100,57,Level2Sigma[4],6391,1.0006
Study1_Tb3_N100,57,Level2Sigma[5],601,1.0001
Study1_Tb3_N100,57,Level2Sigma[6],426,1.0011
Study1_Tb3_N100,57,Level2Sigma[7],362,1.0043
Study1_Tb3_N100,57,Level2Sigma[8],700,1.0037
Study1_Tb3_N100,57,"sigma_innovation[1,1]",286,1.0012
Study1_Tb3_N100,57,"sigma_innovation[2,1]",369,1.0063
Study1_Tb3_N100,57,"sigma_innovation[1,2]",369,1.0063
Study1_Tb3_N100,57,"sigma_innovation[2,2]",321,1.0111
Study1_Tb3_N100,58,Level2Mean[1],24379,1.0001
Study1_Tb3_N100,58,Level2Mean[2],16247,1
Study1_Tb3_N100,58,Level2Mean[3],26938,1
Study1_Tb3_N100,58,Level2Mean[4],32370,1
Study1_Tb3_N100,58,Level2Mean[5],212,1.0038
Study1_Tb3_N100,58,Level2Mean[6],236,1.0073
Study1_Tb3_N100,58,Level2Mean[7],285,1.0093
Study1_Tb3_N100,58,Level2Mean[8],373,1.0109
Study1_Tb3_N100,58,Level2Sigma[1],2840,1.0002
Study1_Tb3_N100,58,Level2Sigma[2],1584,1.0009
Study1_Tb3_N100,58,Level2Sigma[3],3565,1
Study1_Tb3_N100,58,Level2Sigma[4],19233,1.0002
Study1_Tb3_N100,58,Level2Sigma[5],491,1.0001
Study1_Tb3_N100,58,Level2Sigma[6],564,1
Study1_Tb3_N100,58,Level2Sigma[7],496,1.0001
Study1_Tb3_N100,58,Level2Sigma[8],397,1.013
Study1_Tb3_N100,58,"sigma_innovation[1,1]",433,1.0023
Study1_Tb3_N100,58,"sigma_innovation[2,1]",727,1.0053
Study1_Tb3_N100,58,"sigma_innovation[1,2]",727,1.0053
Study1_Tb3_N100,58,"sigma_innovation[2,2]",568,1.0014
Study1_Tb3_N100,59,Level2Mean[1],19459,1.0001
Study1_Tb3_N100,59,Level2Mean[2],15540,1
Study1_Tb3_N100,59,Level2Mean[3],26425,1
Study1_Tb3_N100,59,Level2Mean[4],27753,1
Study1_Tb3_N100,59,Level2Mean[5],155,1.0003
Study1_Tb3_N100,59,Level2Mean[6],192,1.0005
Study1_Tb3_N100,59,Level2Mean[7],224,1.0004
Study1_Tb3_N100,59,Level2Mean[8],285,1.0021
Study1_Tb3_N100,59,Level2Sigma[1],1079,1
Study1_Tb3_N100,59,Level2Sigma[2],1509,1
Study1_Tb3_N100,59,Level2Sigma[3],1399,1.0002
Study1_Tb3_N100,59,Level2Sigma[4],3775,1
Study1_Tb3_N100,59,Level2Sigma[5],567,1.0004
Study1_Tb3_N100,59,Level2Sigma[6],532,1.0001
Study1_Tb3_N100,59,Level2Sigma[7],560,1.0017
Study1_Tb3_N100,59,Level2Sigma[8],411,1.0016
Study1_Tb3_N100,59,"sigma_innovation[1,1]",296,1
Study1_Tb3_N100,59,"sigma_innovation[2,1]",849,1.0011
Study1_Tb3_N100,59,"sigma_innovation[1,2]",849,1.0011
Study1_Tb3_N100,59,"sigma_innovation[2,2]",655,1.0008
Study1_Tb3_N100,60,Level2Mean[1],21660,1.0001
Study1_Tb3_N100,60,Level2Mean[2],10978,1
Study1_Tb3_N100,60,Level2Mean[3],27198,1
Study1_Tb3_N100,60,Level2Mean[4],26869,1.0001
Study1_Tb3_N100,60,Level2Mean[5],166,1.005
Study1_Tb3_N100,60,Level2Mean[6],219,1.0145
Study1_Tb3_N100,60,Level2Mean[7],386,1.0014
Study1_Tb3_N100,60,Level2Mean[8],404,1.0003
Study1_Tb3_N100,60,Level2Sigma[1],1206,1.0016
Study1_Tb3_N100,60,Level2Sigma[2],1051,1.0044
Study1_Tb3_N100,60,Level2Sigma[3],3849,1.0003
Study1_Tb3_N100,60,Level2Sigma[4],5168,1.0014
Study1_Tb3_N100,60,Level2Sigma[5],537,1.0001
Study1_Tb3_N100,60,Level2Sigma[6],567,1.0024
Study1_Tb3_N100,60,Level2Sigma[7],388,1.0072
Study1_Tb3_N100,60,Level2Sigma[8],420,1
Study1_Tb3_N100,60,"sigma_innovation[1,1]",297,1.0033
Study1_Tb3_N100,60,"sigma_innovation[2,1]",997,1.0009
Study1_Tb3_N100,60,"sigma_innovation[1,2]",997,1.0009
Study1_Tb3_N100,60,"sigma_innovation[2,2]",588,1.0082
Study1_Tb3_N100,61,Level2Mean[1],15063,1.0001
Study1_Tb3_N100,61,Level2Mean[2],18635,1.0001
Study1_Tb3_N100,61,Level2Mean[3],26220,1
Study1_Tb3_N100,61,Level2Mean[4],33228,1
Study1_Tb3_N100,61,Level2Mean[5],163,1
Study1_Tb3_N100,61,Level2Mean[6],226,1.0046
Study1_Tb3_N100,61,Level2Mean[7],278,1.0023
Study1_Tb3_N100,61,Level2Mean[8],395,1.0001
Study1_Tb3_N100,61,Level2Sigma[1],1035,1.0002
Study1_Tb3_N100,61,Level2Sigma[2],1075,1.0014
Study1_Tb3_N100,61,Level2Sigma[3],2479,1
Study1_Tb3_N100,61,Level2Sigma[4],11809,1
Study1_Tb3_N100,61,Level2Sigma[5],486,1
Study1_Tb3_N100,61,Level2Sigma[6],430,1.0035
Study1_Tb3_N100,61,Level2Sigma[7],379,1.0022
Study1_Tb3_N100,61,Level2Sigma[8],402,1.0015
Study1_Tb3_N100,61,"sigma_innovation[1,1]",314,1
Study1_Tb3_N100,61,"sigma_innovation[2,1]",596,1.0006
Study1_Tb3_N100,61,"sigma_innovation[1,2]",596,1.0006
Study1_Tb3_N100,61,"sigma_innovation[2,2]",501,1.0019
Study1_Tb3_N100,62,Level2Mean[1],15171,1.0001
Study1_Tb3_N100,62,Level2Mean[2],18654,1
Study1_Tb3_N100,62,Level2Mean[3],27617,1
Study1_Tb3_N100,62,Level2Mean[4],31369,1
Study1_Tb3_N100,62,Level2Mean[5],190,1.0001
Study1_Tb3_N100,62,Level2Mean[6],224,1.0021
Study1_Tb3_N100,62,Level2Mean[7],262,1.0094
Study1_Tb3_N100,62,Level2Mean[8],333,1.0028
Study1_Tb3_N100,62,Level2Sigma[1],601,1.0002
Study1_Tb3_N100,62,Level2Sigma[2],1380,1.0001
Study1_Tb3_N100,62,Level2Sigma[3],2504,1.0001
Study1_Tb3_N100,62,Level2Sigma[4],10821,1
Study1_Tb3_N100,62,Level2Sigma[5],230,1.0067
Study1_Tb3_N100,62,Level2Sigma[6],479,1.0032
Study1_Tb3_N100,62,Level2Sigma[7],443,1.0049
Study1_Tb3_N100,62,Level2Sigma[8],476,1.0055
Study1_Tb3_N100,62,"sigma_innovation[1,1]",296,1.0003
Study1_Tb3_N100,62,"sigma_innovation[2,1]",429,1.0039
Study1_Tb3_N100,62,"sigma_innovation[1,2]",429,1.0039
Study1_Tb3_N100,62,"sigma_innovation[2,2]",593,1
Study1_Tb3_N100,63,Level2Mean[1],21530,1
Study1_Tb3_N100,63,Level2Mean[2],17284,1
Study1_Tb3_N100,63,Level2Mean[3],28541,1
Study1_Tb3_N100,63,Level2Mean[4],27559,1
Study1_Tb3_N100,63,Level2Mean[5],124,1.0007
Study1_Tb3_N100,63,Level2Mean[6],214,1.0003
Study1_Tb3_N100,63,Level2Mean[7],238,1.0075
Study1_Tb3_N100,63,Level2Mean[8],291,1.0034
Study1_Tb3_N100,63,Level2Sigma[1],1309,1
Study1_Tb3_N100,63,Level2Sigma[2],1772,1.0001
Study1_Tb3_N100,63,Level2Sigma[3],5548,1
Study1_Tb3_N100,63,Level2Sigma[4],7256,1.0002
Study1_Tb3_N100,63,Level2Sigma[5],499,1.0009
Study1_Tb3_N100,63,Level2Sigma[6],441,1.0004
Study1_Tb3_N100,63,Level2Sigma[7],391,1.0035
Study1_Tb3_N100,63,Level2Sigma[8],491,1
Study1_Tb3_N100,63,"sigma_innovation[1,1]",244,1.0004
Study1_Tb3_N100,63,"sigma_innovation[2,1]",555,1.0036
Study1_Tb3_N100,63,"sigma_innovation[1,2]",555,1.0036
Study1_Tb3_N100,63,"sigma_innovation[2,2]",593,1.0006
Study1_Tb3_N100,64,Level2Mean[1],21014,1
Study1_Tb3_N100,64,Level2Mean[2],22093,1
Study1_Tb3_N100,64,Level2Mean[3],30399,1
Study1_Tb3_N100,64,Level2Mean[4],34380,1
Study1_Tb3_N100,64,Level2Mean[5],179,1.0166
Study1_Tb3_N100,64,Level2Mean[6],278,1.0001
Study1_Tb3_N100,64,Level2Mean[7],294,1.0005
Study1_Tb3_N100,64,Level2Mean[8],427,1.0019
Study1_Tb3_N100,64,Level2Sigma[1],2517,1.0021
Study1_Tb3_N100,64,Level2Sigma[2],4767,1
Study1_Tb3_N100,64,Level2Sigma[3],5480,1.0008
Study1_Tb3_N100,64,Level2Sigma[4],24810,1
Study1_Tb3_N100,64,Level2Sigma[5],477,1
Study1_Tb3_N100,64,Level2Sigma[6],595,1.0021
Study1_Tb3_N100,64,Level2Sigma[7],535,1.0004
Study1_Tb3_N100,64,Level2Sigma[8],399,1.0118
Study1_Tb3_N100,64,"sigma_innovation[1,1]",390,1.0054
Study1_Tb3_N100,64,"sigma_innovation[2,1]",675,1.0003
Study1_Tb3_N100,64,"sigma_innovation[1,2]",675,1.0003
Study1_Tb3_N100,64,"sigma_innovation[2,2]",794,1
Study1_Tb3_N100,65,Level2Mean[1],18730,1.0001
Study1_Tb3_N100,65,Level2Mean[2],19809,1
Study1_Tb3_N100,65,Level2Mean[3],29042,1
Study1_Tb3_N100,65,Level2Mean[4],30070,1.0001
Study1_Tb3_N100,65,Level2Mean[5],179,1.0054
Study1_Tb3_N100,65,Level2Mean[6],178,1.0318
Study1_Tb3_N100,65,Level2Mean[7],239,1.0201
Study1_Tb3_N100,65,Level2Mean[8],343,1
Study1_Tb3_N100,65,Level2Sigma[1],1571,1.0008
Study1_Tb3_N100,65,Level2Sigma[2],1358,1.006
Study1_Tb3_N100,65,Level2Sigma[3],5802,1.0002
Study1_Tb3_N100,65,Level2Sigma[4],2804,1.0027
Study1_Tb3_N100,65,Level2Sigma[5],707,1
Study1_Tb3_N100,65,Level2Sigma[6],574,1.0013
Study1_Tb3_N100,65,Level2Sigma[7],585,1.007
Study1_Tb3_N100,65,Level2Sigma[8],567,1.001
Study1_Tb3_N100,65,"sigma_innovation[1,1]",497,1.0023
Study1_Tb3_N100,65,"sigma_innovation[2,1]",674,1.0021
Study1_Tb3_N100,65,"sigma_innovation[1,2]",674,1.0021
Study1_Tb3_N100,65,"sigma_innovation[2,2]",460,1.0124
Study1_Tb3_N100,66,Level2Mean[1],22398,1
Study1_Tb3_N100,66,Level2Mean[2],23422,1
Study1_Tb3_N100,66,Level2Mean[3],24077,1
Study1_Tb3_N100,66,Level2Mean[4],35582,1
Study1_Tb3_N100,66,Level2Mean[5],183,1.0002
Study1_Tb3_N100,66,Level2Mean[6],228,1
Study1_Tb3_N100,66,Level2Mean[7],264,1
Study1_Tb3_N100,66,Level2Mean[8],384,1.001
Study1_Tb3_N100,66,Level2Sigma[1],2566,1.0001
Study1_Tb3_N100,66,Level2Sigma[2],3736,1
Study1_Tb3_N100,66,Level2Sigma[3],2294,1.0003
Study1_Tb3_N100,66,Level2Sigma[4],29769,1
Study1_Tb3_N100,66,Level2Sigma[5],576,1.0002
Study1_Tb3_N100,66,Level2Sigma[6],631,1.0002
Study1_Tb3_N100,66,Level2Sigma[7],393,1.0002
Study1_Tb3_N100,66,Level2Sigma[8],493,1.0013
Study1_Tb3_N100,66,"sigma_innovation[1,1]",394,1.0004
Study1_Tb3_N100,66,"sigma_innovation[2,1]",729,1.0009
Study1_Tb3_N100,66,"sigma_innovation[1,2]",729,1.0009
Study1_Tb3_N100,66,"sigma_innovation[2,2]",632,1.0004
Study1_Tb3_N100,67,Level2Mean[1],12823,1.0005
Study1_Tb3_N100,67,Level2Mean[2],21900,1
Study1_Tb3_N100,67,Level2Mean[3],23393,1
Study1_Tb3_N100,67,Level2Mean[4],32757,1
Study1_Tb3_N100,67,Level2Mean[5],211,1.0078
Study1_Tb3_N100,67,Level2Mean[6],194,1
Study1_Tb3_N100,67,Level2Mean[7],297,1.0027
Study1_Tb3_N100,67,Level2Mean[8],285,1.0001
Study1_Tb3_N100,67,Level2Sigma[1],870,1.0028
Study1_Tb3_N100,67,Level2Sigma[2],1995,1
Study1_Tb3_N100,67,Level2Sigma[3],1436,1.0014
Study1_Tb3_N100,67,Level2Sigma[4],8296,1
Study1_Tb3_N100,67,Level2Sigma[5],568,1.0002
Study1_Tb3_N100,67,Level2Sigma[6],511,1.0008
Study1_Tb3_N100,67,Level2Sigma[7],575,1.0013
Study1_Tb3_N100,67,Level2Sigma[8],402,1.0018
Study1_Tb3_N100,67,"sigma_innovation[1,1]",379,1.0042
Study1_Tb3_N100,67,"sigma_innovation[2,1]",619,1.0014
Study1_Tb3_N100,67,"sigma_innovation[1,2]",619,1.0014
Study1_Tb3_N100,67,"sigma_innovation[2,2]",416,1.0001
Study1_Tb3_N100,68,Level2Mean[1],15301,1
Study1_Tb3_N100,68,Level2Mean[2],21308,1
Study1_Tb3_N100,68,Level2Mean[3],25646,1
Study1_Tb3_N100,68,Level2Mean[4],32935,1
Study1_Tb3_N100,68,Level2Mean[5],204,1
Study1_Tb3_N100,68,Level2Mean[6],200,1.0017
Study1_Tb3_N100,68,Level2Mean[7],220,1.002
Study1_Tb3_N100,68,Level2Mean[8],251,1.0032
Study1_Tb3_N100,68,Level2Sigma[1],1365,1.0003
Study1_Tb3_N100,68,Level2Sigma[2],2294,1.0001
Study1_Tb3_N100,68,Level2Sigma[3],7210,1.0001
Study1_Tb3_N100,68,Level2Sigma[4],17414,1
Study1_Tb3_N100,68,Level2Sigma[5],630,1.0002
Study1_Tb3_N100,68,Level2Sigma[6],532,1.0031
Study1_Tb3_N100,68,Level2Sigma[7],552,1.0031
Study1_Tb3_N100,68,Level2Sigma[8],681,1
Study1_Tb3_N100,68,"sigma_innovation[1,1]",526,1
Study1_Tb3_N100,68,"sigma_innovation[2,1]",627,1.0017
Study1_Tb3_N100,68,"sigma_innovation[1,2]",627,1.0017
Study1_Tb3_N100,68,"sigma_innovation[2,2]",529,1.0016
Study1_Tb3_N100,69,Level2Mean[1],22055,1
Study1_Tb3_N100,69,Level2Mean[2],19689,1
Study1_Tb3_N100,69,Level2Mean[3],24542,1
Study1_Tb3_N100,69,Level2Mean[4],35992,1.0001
Study1_Tb3_N100,69,Level2Mean[5],148,1.0002
Study1_Tb3_N100,69,Level2Mean[6],270,1.0139
Study1_Tb3_N100,69,Level2Mean[7],322,1.0008
Study1_Tb3_N100,69,Level2Mean[8],352,1.0017
Study1_Tb3_N100,69,Level2Sigma[1],2292,1
Study1_Tb3_N100,69,Level2Sigma[2],2141,1.0019
Study1_Tb3_N100,69,Level2Sigma[3],2722,1.0003
Study1_Tb3_N100,69,Level2Sigma[4],12623,1.0004
Study1_Tb3_N100,69,Level2Sigma[5],711,1.0001
Study1_Tb3_N100,69,Level2Sigma[6],468,1.0019
Study1_Tb3_N100,69,Level2Sigma[7],385,1.0002
Study1_Tb3_N100,69,Level2Sigma[8],563,1.0022
Study1_Tb3_N100,69,"sigma_innovation[1,1]",311,1.0002
Study1_Tb3_N100,69,"sigma_innovation[2,1]",771,1
Study1_Tb3_N100,69,"sigma_innovation[1,2]",771,1
Study1_Tb3_N100,69,"sigma_innovation[2,2]",776,1.006
Study1_Tb3_N100,70,Level2Mean[1],15376,1
Study1_Tb3_N100,70,Level2Mean[2],12104,1.0002
Study1_Tb3_N100,70,Level2Mean[3],25003,1
Study1_Tb3_N100,70,Level2Mean[4],33265,1
Study1_Tb3_N100,70,Level2Mean[5],121,1.0015
Study1_Tb3_N100,70,Level2Mean[6],188,1.0025
Study1_Tb3_N100,70,Level2Mean[7],262,1.0002
Study1_Tb3_N100,70,Level2Mean[8],258,1.0018
Study1_Tb3_N100,70,Level2Sigma[1],1313,1.0003
Study1_Tb3_N100,70,Level2Sigma[2],1388,1.0012
Study1_Tb3_N100,70,Level2Sigma[3],1236,1
Study1_Tb3_N100,70,Level2Sigma[4],9840,1.0002
Study1_Tb3_N100,70,Level2Sigma[5],630,1.0017
Study1_Tb3_N100,70,Level2Sigma[6],585,1.0003
Study1_Tb3_N100,70,Level2Sigma[7],337,1.0009
Study1_Tb3_N100,70,Level2Sigma[8],628,1.0011
Study1_Tb3_N100,70,"sigma_innovation[1,1]",236,1.0003
Study1_Tb3_N100,70,"sigma_innovation[2,1]",553,1.0016
Study1_Tb3_N100,70,"sigma_innovation[1,2]",553,1.0016
Study1_Tb3_N100,70,"sigma_innovation[2,2]",471,1.0021
Study1_Tb3_N100,71,Level2Mean[1],21405,1
Study1_Tb3_N100,71,Level2Mean[2],20955,1
Study1_Tb3_N100,71,Level2Mean[3],26008,1
Study1_Tb3_N100,71,Level2Mean[4],34111,1
Study1_Tb3_N100,71,Level2Mean[5],161,1.0128
Study1_Tb3_N100,71,Level2Mean[6],199,1
Study1_Tb3_N100,71,Level2Mean[7],274,1.0049
Study1_Tb3_N100,71,Level2Mean[8],303,1
Study1_Tb3_N100,71,Level2Sigma[1],1363,1.0013
Study1_Tb3_N100,71,Level2Sigma[2],1835,1.0001
Study1_Tb3_N100,71,Level2Sigma[3],4370,1.0003
Study1_Tb3_N100,71,Level2Sigma[4],26232,1
Study1_Tb3_N100,71,Level2Sigma[5],678,1
Study1_Tb3_N100,71,Level2Sigma[6],510,1.0041
Study1_Tb3_N100,71,Level2Sigma[7],620,1.003
Study1_Tb3_N100,71,Level2Sigma[8],543,1.0008
Study1_Tb3_N100,71,"sigma_innovation[1,1]",334,1.0074
Study1_Tb3_N100,71,"sigma_innovation[2,1]",608,1.0023
Study1_Tb3_N100,71,"sigma_innovation[1,2]",608,1.0023
Study1_Tb3_N100,71,"sigma_innovation[2,2]",547,1
Study1_Tb3_N100,72,Level2Mean[1],16938,1
Study1_Tb3_N100,72,Level2Mean[2],17790,1
Study1_Tb3_N100,72,Level2Mean[3],26225,1
Study1_Tb3_N100,72,Level2Mean[4],27084,1
Study1_Tb3_N100,72,Level2Mean[5],168,1.0149
Study1_Tb3_N100,72,Level2Mean[6],258,1.0169
Study1_Tb3_N100,72,Level2Mean[7],245,1.0094
Study1_Tb3_N100,72,Level2Mean[8],341,1.0027
Study1_Tb3_N100,72,Level2Sigma[1],1396,1.0042
Study1_Tb3_N100,72,Level2Sigma[2],2185,1.0035
Study1_Tb3_N100,72,Level2Sigma[3],4663,1.0013
Study1_Tb3_N100,72,Level2Sigma[4],7108,1.0004
Study1_Tb3_N100,72,Level2Sigma[5],694,1.0003
Study1_Tb3_N100,72,Level2Sigma[6],442,1.0002
Study1_Tb3_N100,72,Level2Sigma[7],502,1.006
Study1_Tb3_N100,72,Level2Sigma[8],646,1
Study1_Tb3_N100,72,"sigma_innovation[1,1]",427,1.0086
Study1_Tb3_N100,72,"sigma_innovation[2,1]",746,1.0007
Study1_Tb3_N100,72,"sigma_innovation[1,2]",746,1.0007
Study1_Tb3_N100,72,"sigma_innovation[2,2]",728,1.0065
Study1_Tb3_N100,73,Level2Mean[1],23171,1
Study1_Tb3_N100,73,Level2Mean[2],20451,1
Study1_Tb3_N100,73,Level2Mean[3],29088,1
Study1_Tb3_N100,73,Level2Mean[4],27491,1
Study1_Tb3_N100,73,Level2Mean[5],203,1.0004
Study1_Tb3_N100,73,Level2Mean[6],291,1.0007
Study1_Tb3_N100,73,Level2Mean[7],307,1.0023
Study1_Tb3_N100,73,Level2Mean[8],326,1.0026
Study1_Tb3_N100,73,Level2Sigma[1],2722,1
Study1_Tb3_N100,73,Level2Sigma[2],2202,1.0001
Study1_Tb3_N100,73,Level2Sigma[3],4542,1
Study1_Tb3_N100,73,Level2Sigma[4],15227,1
Study1_Tb3_N100,73,Level2Sigma[5],544,1.0002
Study1_Tb3_N100,73,Level2Sigma[6],390,1.0009
Study1_Tb3_N100,73,Level2Sigma[7],576,1.0041
Study1_Tb3_N100,73,Level2Sigma[8],449,1.0056
Study1_Tb3_N100,73,"sigma_innovation[1,1]",330,1
Study1_Tb3_N100,73,"sigma_innovation[2,1]",511,1.0013
Study1_Tb3_N100,73,"sigma_innovation[1,2]",511,1.0013
Study1_Tb3_N100,73,"sigma_innovation[2,2]",685,1
Study1_Tb3_N100,74,Level2Mean[1],12660,1
Study1_Tb3_N100,74,Level2Mean[2],19745,1.0001
Study1_Tb3_N100,74,Level2Mean[3],25984,1
Study1_Tb3_N100,74,Level2Mean[4],31188,1
Study1_Tb3_N100,74,Level2Mean[5],188,1.0162
Study1_Tb3_N100,74,Level2Mean[6],225,1.0004
Study1_Tb3_N100,74,Level2Mean[7],274,1.0056
Study1_Tb3_N100,74,Level2Mean[8],306,1.0008
Study1_Tb3_N100,74,Level2Sigma[1],1409,1.0051
Study1_Tb3_N100,74,Level2Sigma[2],2662,1
Study1_Tb3_N100,74,Level2Sigma[3],4351,1.0016
Study1_Tb3_N100,74,Level2Sigma[4],8182,1
Study1_Tb3_N100,74,Level2Sigma[5],836,1
Study1_Tb3_N100,74,Level2Sigma[6],744,1.0013
Study1_Tb3_N100,74,Level2Sigma[7],654,1
Study1_Tb3_N100,74,Level2Sigma[8],515,1.0004
Study1_Tb3_N100,74,"sigma_innovation[1,1]",525,1.0084
Study1_Tb3_N100,74,"sigma_innovation[2,1]",706,1.0044
Study1_Tb3_N100,74,"sigma_innovation[1,2]",706,1.0044
Study1_Tb3_N100,74,"sigma_innovation[2,2]",669,1.0001
Study1_Tb3_N100,75,Level2Mean[1],17480,1
Study1_Tb3_N100,75,Level2Mean[2],14807,1
Study1_Tb3_N100,75,Level2Mean[3],24336,1
Study1_Tb3_N100,75,Level2Mean[4],32003,1
Study1_Tb3_N100,75,Level2Mean[5],200,1.0018
Study1_Tb3_N100,75,Level2Mean[6],210,1.0029
Study1_Tb3_N100,75,Level2Mean[7],278,1.0004
Study1_Tb3_N100,75,Level2Mean[8],342,1
Study1_Tb3_N100,75,Level2Sigma[1],1308,1.0003
Study1_Tb3_N100,75,Level2Sigma[2],997,1.0003
Study1_Tb3_N100,75,Level2Sigma[3],3231,1
Study1_Tb3_N100,75,Level2Sigma[4],15356,1
Study1_Tb3_N100,75,Level2Sigma[5],744,1.0002
Study1_Tb3_N100,75,Level2Sigma[6],635,1.0003
Study1_Tb3_N100,75,Level2Sigma[7],561,1
Study1_Tb3_N100,75,Level2Sigma[8],684,1
Study1_Tb3_N100,75,"sigma_innovation[1,1]",438,1.0007
Study1_Tb3_N100,75,"sigma_innovation[2,1]",580,1.0002
Study1_Tb3_N100,75,"sigma_innovation[1,2]",580,1.0002
Study1_Tb3_N100,75,"sigma_innovation[2,2]",582,1.0013
Study1_Tb3_N100,76,Level2Mean[1],24098,1
Study1_Tb3_N100,76,Level2Mean[2],25105,1
Study1_Tb3_N100,76,Level2Mean[3],28461,1
Study1_Tb3_N100,76,Level2Mean[4],34869,1.0001
Study1_Tb3_N100,76,Level2Mean[5],193,1.0127
Study1_Tb3_N100,76,Level2Mean[6],210,1.0012
Study1_Tb3_N100,76,Level2Mean[7],262,1.0149
Study1_Tb3_N100,76,Level2Mean[8],218,1.0018
Study1_Tb3_N100,76,Level2Sigma[1],1607,1.0024
Study1_Tb3_N100,76,Level2Sigma[2],3697,1.0001
Study1_Tb3_N100,76,Level2Sigma[3],8285,1.0004
Study1_Tb3_N100,76,Level2Sigma[4],21368,1.0003
Study1_Tb3_N100,76,Level2Sigma[5],417,1
Study1_Tb3_N100,76,Level2Sigma[6],716,1.0009
Study1_Tb3_N100,76,Level2Sigma[7],583,1.0001
Study1_Tb3_N100,76,Level2Sigma[8],613,1.0069
Study1_Tb3_N100,76,"sigma_innovation[1,1]",369,1.0059
Study1_Tb3_N100,76,"sigma_innovation[2,1]",577,1.0029
Study1_Tb3_N100,76,"sigma_innovation[1,2]",577,1.0029
Study1_Tb3_N100,76,"sigma_innovation[2,2]",566,1.0029
Study1_Tb3_N100,77,Level2Mean[1],13594,1.0001
Study1_Tb3_N100,77,Level2Mean[2],20826,1
Study1_Tb3_N100,77,Level2Mean[3],26448,1.0001
Study1_Tb3_N100,77,Level2Mean[4],30565,1
Study1_Tb3_N100,77,Level2Mean[5],128,1.0068
Study1_Tb3_N100,77,Level2Mean[6],161,1.0007
Study1_Tb3_N100,77,Level2Mean[7],219,1.0091
Study1_Tb3_N100,77,Level2Mean[8],332,1.0038
Study1_Tb3_N100,77,Level2Sigma[1],489,1.0033
Study1_Tb3_N100,77,Level2Sigma[2],1156,1.0007
Study1_Tb3_N100,77,Level2Sigma[3],3356,1.0006
Study1_Tb3_N100,77,Level2Sigma[4],14725,1
Study1_Tb3_N100,77,Level2Sigma[5],678,1
Study1_Tb3_N100,77,Level2Sigma[6],728,1
Study1_Tb3_N100,77,Level2Sigma[7],475,1.0003
Study1_Tb3_N100,77,Level2Sigma[8],536,1
Study1_Tb3_N100,77,"sigma_innovation[1,1]",267,1.0055
Study1_Tb3_N100,77,"sigma_innovation[2,1]",475,1.0068
Study1_Tb3_N100,77,"sigma_innovation[1,2]",475,1.0068
Study1_Tb3_N100,77,"sigma_innovation[2,2]",417,1.0015
Study1_Tb3_N100,78,Level2Mean[1],16065,1
Study1_Tb3_N100,78,Level2Mean[2],17675,1
Study1_Tb3_N100,78,Level2Mean[3],30285,1
Study1_Tb3_N100,78,Level2Mean[4],27510,1
Study1_Tb3_N100,78,Level2Mean[5],194,1.0085
Study1_Tb3_N100,78,Level2Mean[6],251,1.0016
Study1_Tb3_N100,78,Level2Mean[7],244,1.0026
Study1_Tb3_N100,78,Level2Mean[8],572,1
Study1_Tb3_N100,78,Level2Sigma[1],2543,1.002
Study1_Tb3_N100,78,Level2Sigma[2],1438,1
Study1_Tb3_N100,78,Level2Sigma[3],3884,1.0005
Study1_Tb3_N100,78,Level2Sigma[4],6583,1
Study1_Tb3_N100,78,Level2Sigma[5],562,1.0008
Study1_Tb3_N100,78,Level2Sigma[6],585,1.0029
Study1_Tb3_N100,78,Level2Sigma[7],357,1.0045
Study1_Tb3_N100,78,Level2Sigma[8],442,1
Study1_Tb3_N100,78,"sigma_innovation[1,1]",460,1.0054
Study1_Tb3_N100,78,"sigma_innovation[2,1]",601,1.0017
Study1_Tb3_N100,78,"sigma_innovation[1,2]",601,1.0017
Study1_Tb3_N100,78,"sigma_innovation[2,2]",631,1.0005
Study1_Tb3_N100,79,Level2Mean[1],15454,1
Study1_Tb3_N100,79,Level2Mean[2],19722,1
Study1_Tb3_N100,79,Level2Mean[3],21052,1.0001
Study1_Tb3_N100,79,Level2Mean[4],33753,1.0001
Study1_Tb3_N100,79,Level2Mean[5],273,1.0001
Study1_Tb3_N100,79,Level2Mean[6],337,1.0016
Study1_Tb3_N100,79,Level2Mean[7],236,1.001
Study1_Tb3_N100,79,Level2Mean[8],334,1.0035
Study1_Tb3_N100,79,Level2Sigma[1],2647,1
Study1_Tb3_N100,79,Level2Sigma[2],2004,1.0018
Study1_Tb3_N100,79,Level2Sigma[3],2602,1.0001
Study1_Tb3_N100,79,Level2Sigma[4],18212,1.0001
Study1_Tb3_N100,79,Level2Sigma[5],552,1.0017
Study1_Tb3_N100,79,Level2Sigma[6],322,1.0059
Study1_Tb3_N100,79,Level2Sigma[7],461,1.0002
Study1_Tb3_N100,79,Level2Sigma[8],721,1.0004
Study1_Tb3_N100,79,"sigma_innovation[1,1]",745,1.0003
Study1_Tb3_N100,79,"sigma_innovation[2,1]",750,1.0011
Study1_Tb3_N100,79,"sigma_innovation[1,2]",750,1.0011
Study1_Tb3_N100,79,"sigma_innovation[2,2]",1022,1
Study1_Tb3_N100,80,Level2Mean[1],17242,1.0002
Study1_Tb3_N100,80,Level2Mean[2],17507,1
Study1_Tb3_N100,80,Level2Mean[3],28218,1
Study1_Tb3_N100,80,Level2Mean[4],28548,1.0001
Study1_Tb3_N100,80,Level2Mean[5],254,1.0005
Study1_Tb3_N100,80,Level2Mean[6],220,1.009
Study1_Tb3_N100,80,Level2Mean[7],233,1.0005
Study1_Tb3_N100,80,Level2Mean[8],275,1.0137
Study1_Tb3_N100,80,Level2Sigma[1],1416,1.001
Study1_Tb3_N100,80,Level2Sigma[2],1514,1.0004
Study1_Tb3_N100,80,Level2Sigma[3],4715,1
Study1_Tb3_N100,80,Level2Sigma[4],12247,1.0004
Study1_Tb3_N100,80,Level2Sigma[5],463,1.0027
Study1_Tb3_N100,80,Level2Sigma[6],671,1.0028
Study1_Tb3_N100,80,Level2Sigma[7],541,1.0001
Study1_Tb3_N100,80,Level2Sigma[8],647,1.0009
Study1_Tb3_N100,80,"sigma_innovation[1,1]",591,1.0004
Study1_Tb3_N100,80,"sigma_innovation[2,1]",614,1.0048
Study1_Tb3_N100,80,"sigma_innovation[1,2]",614,1.0048
Study1_Tb3_N100,80,"sigma_innovation[2,2]",776,1.0056
Study1_Tb3_N100,81,Level2Mean[1],16376,1
Study1_Tb3_N100,81,Level2Mean[2],20885,1
Study1_Tb3_N100,81,Level2Mean[3],21108,1
Study1_Tb3_N100,81,Level2Mean[4],30742,1.0002
Study1_Tb3_N100,81,Level2Mean[5],178,1.0121
Study1_Tb3_N100,81,Level2Mean[6],153,1.0262
Study1_Tb3_N100,81,Level2Mean[7],212,1.0003
Study1_Tb3_N100,81,Level2Mean[8],202,1.0379
Study1_Tb3_N100,81,Level2Sigma[1],894,1.0021
Study1_Tb3_N100,81,Level2Sigma[2],1254,1.0036
Study1_Tb3_N100,81,Level2Sigma[3],3420,1.0009
Study1_Tb3_N100,81,Level2Sigma[4],13621,1.0006
Study1_Tb3_N100,81,Level2Sigma[5],470,1.004
Study1_Tb3_N100,81,Level2Sigma[6],571,1.0004
Study1_Tb3_N100,81,Level2Sigma[7],489,1
Study1_Tb3_N100,81,Level2Sigma[8],662,1.0013
Study1_Tb3_N100,81,"sigma_innovation[1,1]",408,1.0018
Study1_Tb3_N100,81,"sigma_innovation[2,1]",542,1.004
Study1_Tb3_N100,81,"sigma_innovation[1,2]",542,1.004
Study1_Tb3_N100,81,"sigma_innovation[2,2]",427,1.0122
Study1_Tb3_N100,82,Level2Mean[1],16469,1
Study1_Tb3_N100,82,Level2Mean[2],22332,1
Study1_Tb3_N100,82,Level2Mean[3],23704,1
Study1_Tb3_N100,82,Level2Mean[4],31512,1
Study1_Tb3_N100,82,Level2Mean[5],148,1.0042
Study1_Tb3_N100,82,Level2Mean[6],240,1.0041
Study1_Tb3_N100,82,Level2Mean[7],200,1.0201
Study1_Tb3_N100,82,Level2Mean[8],214,1.014
Study1_Tb3_N100,82,Level2Sigma[1],1578,1
Study1_Tb3_N100,82,Level2Sigma[2],2092,1
Study1_Tb3_N100,82,Level2Sigma[3],2201,1.0007
Study1_Tb3_N100,82,Level2Sigma[4],19025,1.0005
Study1_Tb3_N100,82,Level2Sigma[5],663,1.0062
Study1_Tb3_N100,82,Level2Sigma[6],539,1.0003
Study1_Tb3_N100,82,Level2Sigma[7],712,1.0007
Study1_Tb3_N100,82,Level2Sigma[8],663,1.0006
Study1_Tb3_N100,82,"sigma_innovation[1,1]",356,1.0021
Study1_Tb3_N100,82,"sigma_innovation[2,1]",641,1.014
Study1_Tb3_N100,82,"sigma_innovation[1,2]",641,1.014
Study1_Tb3_N100,82,"sigma_innovation[2,2]",916,1.0067
Study1_Tb3_N100,83,Level2Mean[1],17087,1
Study1_Tb3_N100,83,Level2Mean[2],12426,1
Study1_Tb3_N100,83,Level2Mean[3],27390,1.0001
Study1_Tb3_N100,83,Level2Mean[4],27893,1.0003
Study1_Tb3_N100,83,Level2Mean[5],179,1.0196
Study1_Tb3_N100,83,Level2Mean[6],151,1.0237
Study1_Tb3_N100,83,Level2Mean[7],235,1.0243
Study1_Tb3_N100,83,Level2Mean[8],364,1.0021
Study1_Tb3_N100,83,Level2Sigma[1],2321,1.0024
Study1_Tb3_N100,83,Level2Sigma[2],644,1.0059
Study1_Tb3_N100,83,Level2Sigma[3],11944,1.0003
Study1_Tb3_N100,83,Level2Sigma[4],5006,1.0005
Study1_Tb3_N100,83,Level2Sigma[5],645,1.0014
Study1_Tb3_N100,83,Level2Sigma[6],464,1
Study1_Tb3_N100,83,Level2Sigma[7],435,1.0015
Study1_Tb3_N100,83,Level2Sigma[8],558,1
Study1_Tb3_N100,83,"sigma_innovation[1,1]",451,1.0086
Study1_Tb3_N100,83,"sigma_innovation[2,1]",827,1.0019
Study1_Tb3_N100,83,"sigma_innovation[1,2]",827,1.0019
Study1_Tb3_N100,83,"sigma_innovation[2,2]",342,1.0093
Study1_Tb3_N100,84,Level2Mean[1],18907,1
Study1_Tb3_N100,84,Level2Mean[2],10214,1
Study1_Tb3_N100,84,Level2Mean[3],26074,1
Study1_Tb3_N100,84,Level2Mean[4],27843,1
Study1_Tb3_N100,84,Level2Mean[5],159,1.0133
Study1_Tb3_N100,84,Level2Mean[6],236,1.0055
Study1_Tb3_N100,84,Level2Mean[7],246,1.0102
Study1_Tb3_N100,84,Level2Mean[8],297,1.0012
Study1_Tb3_N100,84,Level2Sigma[1],1314,1.0014
Study1_Tb3_N100,84,Level2Sigma[2],1002,1.001
Study1_Tb3_N100,84,Level2Sigma[3],6486,1.0009
Study1_Tb3_N100,84,Level2Sigma[4],12842,1
Study1_Tb3_N100,84,Level2Sigma[5],667,1.0007
Study1_Tb3_N100,84,Level2Sigma[6],607,1.0028
Study1_Tb3_N100,84,Level2Sigma[7],426,1.0038
Study1_Tb3_N100,84,Level2Sigma[8],546,1.0003
Study1_Tb3_N100,84,"sigma_innovation[1,1]",336,1.0069
Study1_Tb3_N100,84,"sigma_innovation[2,1]",701,1.0022
Study1_Tb3_N100,84,"sigma_innovation[1,2]",701,1.0022
Study1_Tb3_N100,84,"sigma_innovation[2,2]",797,1.0003
Study1_Tb3_N100,85,Level2Mean[1],17022,1.0001
Study1_Tb3_N100,85,Level2Mean[2],24257,1
Study1_Tb3_N100,85,Level2Mean[3],23463,1
Study1_Tb3_N100,85,Level2Mean[4],30333,1
Study1_Tb3_N100,85,Level2Mean[5],200,1.0067
Study1_Tb3_N100,85,Level2Mean[6],288,1.001
Study1_Tb3_N100,85,Level2Mean[7],259,1.0007
Study1_Tb3_N100,85,Level2Mean[8],362,1.0026
Study1_Tb3_N100,85,Level2Sigma[1],1218,1.0018
Study1_Tb3_N100,85,Level2Sigma[2],5040,1
Study1_Tb3_N100,85,Level2Sigma[3],1535,1.001
Study1_Tb3_N100,85,Level2Sigma[4],12204,1
Study1_Tb3_N100,85,Level2Sigma[5],423,1.0092
Study1_Tb3_N100,85,Level2Sigma[6],354,1.0012
Study1_Tb3_N100,85,Level2Sigma[7],247,1.0044
Study1_Tb3_N100,85,Level2Sigma[8],389,1.0023
Study1_Tb3_N100,85,"sigma_innovation[1,1]",309,1.0033
Study1_Tb3_N100,85,"sigma_innovation[2,1]",406,1.0001
Study1_Tb3_N100,85,"sigma_innovation[1,2]",406,1.0001
Study1_Tb3_N100,85,"sigma_innovation[2,2]",499,1.0001
Study1_Tb3_N100,86,Level2Mean[1],18243,1.0001
Study1_Tb3_N100,86,Level2Mean[2],21370,1
Study1_Tb3_N100,86,Level2Mean[3],25611,1
Study1_Tb3_N100,86,Level2Mean[4],32133,1
Study1_Tb3_N100,86,Level2Mean[5],216,1
Study1_Tb3_N100,86,Level2Mean[6],201,1.0034
Study1_Tb3_N100,86,Level2Mean[7],239,1.0034
Study1_Tb3_N100,86,Level2Mean[8],488,1.0007
Study1_Tb3_N100,86,Level2Sigma[1],2008,1.0001
Study1_Tb3_N100,86,Level2Sigma[2],3398,1.0006
Study1_Tb3_N100,86,Level2Sigma[3],5525,1
Study1_Tb3_N100,86,Level2Sigma[4],12774,1.0001
Study1_Tb3_N100,86,Level2Sigma[5],558,1.0015
Study1_Tb3_N100,86,Level2Sigma[6],473,1.001
Study1_Tb3_N100,86,Level2Sigma[7],475,1
Study1_Tb3_N100,86,Level2Sigma[8],324,1
Study1_Tb3_N100,86,"sigma_innovation[1,1]",420,1
Study1_Tb3_N100,86,"sigma_innovation[2,1]",958,1.0011
Study1_Tb3_N100,86,"sigma_innovation[1,2]",958,1.0011
Study1_Tb3_N100,86,"sigma_innovation[2,2]",753,1.0008
Study1_Tb3_N100,87,Level2Mean[1],12577,1.0001
Study1_Tb3_N100,87,Level2Mean[2],19993,1
Study1_Tb3_N100,87,Level2Mean[3],22943,1
Study1_Tb3_N100,87,Level2Mean[4],31860,1
Study1_Tb3_N100,87,Level2Mean[5],211,1.0034
Study1_Tb3_N100,87,Level2Mean[6],175,1.0067
Study1_Tb3_N100,87,Level2Mean[7],281,1.0019
Study1_Tb3_N100,87,Level2Mean[8],270,1.0022
Study1_Tb3_N100,87,Level2Sigma[1],1195,1.0009
Study1_Tb3_N100,87,Level2Sigma[2],1335,1.0015
Study1_Tb3_N100,87,Level2Sigma[3],1738,1.0002
Study1_Tb3_N100,87,Level2Sigma[4],14760,1.0001
Study1_Tb3_N100,87,Level2Sigma[5],573,1.0041
Study1_Tb3_N100,87,Level2Sigma[6],441,1.0091
Study1_Tb3_N100,87,Level2Sigma[7],498,1.0008
Study1_Tb3_N100,87,Level2Sigma[8],491,1.0004
Study1_Tb3_N100,87,"sigma_innovation[1,1]",513,1.0019
Study1_Tb3_N100,87,"sigma_innovation[2,1]",627,1
Study1_Tb3_N100,87,"sigma_innovation[1,2]",627,1
Study1_Tb3_N100,87,"sigma_innovation[2,2]",385,1.0029
Study1_Tb3_N100,88,Level2Mean[1],17089,1
Study1_Tb3_N100,88,Level2Mean[2],14787,1
Study1_Tb3_N100,88,Level2Mean[3],29011,1
Study1_Tb3_N100,88,Level2Mean[4],30960,1
Study1_Tb3_N100,88,Level2Mean[5],118,1.009
Study1_Tb3_N100,88,Level2Mean[6],147,1.0005
Study1_Tb3_N100,88,Level2Mean[7],260,1.0033
Study1_Tb3_N100,88,Level2Mean[8],240,1.0096
Study1_Tb3_N100,88,Level2Sigma[1],637,1.0012
Study1_Tb3_N100,88,Level2Sigma[2],732,1.0002
Study1_Tb3_N100,88,Level2Sigma[3],3100,1.0002
Study1_Tb3_N100,88,Level2Sigma[4],9981,1
Study1_Tb3_N100,88,Level2Sigma[5],515,1
Study1_Tb3_N100,88,Level2Sigma[6],579,1.0013
Study1_Tb3_N100,88,Level2Sigma[7],396,1
Study1_Tb3_N100,88,Level2Sigma[8],448,1.0096
Study1_Tb3_N100,88,"sigma_innovation[1,1]",248,1.0061
Study1_Tb3_N100,88,"sigma_innovation[2,1]",418,1.0007
Study1_Tb3_N100,88,"sigma_innovation[1,2]",418,1.0007
Study1_Tb3_N100,88,"sigma_innovation[2,2]",353,1
Study1_Tb3_N100,89,Level2Mean[1],24098,1
Study1_Tb3_N100,89,Level2Mean[2],16893,1.0007
Study1_Tb3_N100,89,Level2Mean[3],26344,1.0001
Study1_Tb3_N100,89,Level2Mean[4],29771,1
Study1_Tb3_N100,89,Level2Mean[5],155,1
Study1_Tb3_N100,89,Level2Mean[6],192,1.007
Study1_Tb3_N100,89,Level2Mean[7],209,1.0031
Study1_Tb3_N100,89,Level2Mean[8],275,1.0002
Study1_Tb3_N100,89,Level2Sigma[1],2309,1
Study1_Tb3_N100,89,Level2Sigma[2],1040,1.0017
Study1_Tb3_N100,89,Level2Sigma[3],3716,1
Study1_Tb3_N100,89,Level2Sigma[4],8070,1.0003
Study1_Tb3_N100,89,Level2Sigma[5],676,1
Study1_Tb3_N100,89,Level2Sigma[6],604,1.0084
Study1_Tb3_N100,89,Level2Sigma[7],516,1.0021
Study1_Tb3_N100,89,Level2Sigma[8],703,1.0001
Study1_Tb3_N100,89,"sigma_innovation[1,1]",287,1
Study1_Tb3_N100,89,"sigma_innovation[2,1]",503,1.0003
Study1_Tb3_N100,89,"sigma_innovation[1,2]",503,1.0003
Study1_Tb3_N100,89,"sigma_innovation[2,2]",435,1.0021
Study1_Tb3_N100,90,Level2Mean[1],16473,1
Study1_Tb3_N100,90,Level2Mean[2],13964,1
Study1_Tb3_N100,90,Level2Mean[3],25782,1
Study1_Tb3_N100,90,Level2Mean[4],26175,1
Study1_Tb3_N100,90,Level2Mean[5],215,1.001
Study1_Tb3_N100,90,Level2Mean[6],164,1.0129
Study1_Tb3_N100,90,Level2Mean[7],208,1.0063
Study1_Tb3_N100,90,Level2Mean[8],285,1.001
Study1_Tb3_N100,90,Level2Sigma[1],1260,1.0003
Study1_Tb3_N100,90,Level2Sigma[2],1120,1.0033
Study1_Tb3_N100,90,Level2Sigma[3],5530,1.0001
Study1_Tb3_N100,90,Level2Sigma[4],3798,1.0011
Study1_Tb3_N100,90,Level2Sigma[5],435,1.0004
Study1_Tb3_N100,90,Level2Sigma[6],579,1.0005
Study1_Tb3_N100,90,Level2Sigma[7],431,1.0016
Study1_Tb3_N100,90,Level2Sigma[8],526,1.0062
Study1_Tb3_N100,90,"sigma_innovation[1,1]",531,1.0011
Study1_Tb3_N100,90,"sigma_innovation[2,1]",763,1.0008
Study1_Tb3_N100,90,"sigma_innovation[1,2]",763,1.0008
Study1_Tb3_N100,90,"sigma_innovation[2,2]",460,1.0068
Study1_Tb3_N100,91,Level2Mean[1],15114,1.0007
Study1_Tb3_N100,91,Level2Mean[2],22956,1
Study1_Tb3_N100,91,Level2Mean[3],23773,1
Study1_Tb3_N100,91,Level2Mean[4],33937,1
Study1_Tb3_N100,91,Level2Mean[5],177,1.0091
Study1_Tb3_N100,91,Level2Mean[6],232,1
Study1_Tb3_N100,91,Level2Mean[7],225,1.0114
Study1_Tb3_N100,91,Level2Mean[8],292,1.004
Study1_Tb3_N100,91,Level2Sigma[1],1085,1.0048
Study1_Tb3_N100,91,Level2Sigma[2],3982,1
Study1_Tb3_N100,91,Level2Sigma[3],3786,1.0013
Study1_Tb3_N100,91,Level2Sigma[4],18524,1
Study1_Tb3_N100,91,Level2Sigma[5],575,1.0015
Study1_Tb3_N100,91,Level2Sigma[6],508,1.0005
Study1_Tb3_N100,91,Level2Sigma[7],467,1.0017
Study1_Tb3_N100,91,Level2Sigma[8],632,1.0011
Study1_Tb3_N100,91,"sigma_innovation[1,1]",378,1.0071
Study1_Tb3_N100,91,"sigma_innovation[2,1]",529,1.0079
Study1_Tb3_N100,91,"sigma_innovation[1,2]",529,1.0079
Study1_Tb3_N100,91,"sigma_innovation[2,2]",614,1.0001
Study1_Tb3_N100,92,Level2Mean[1],7396,1
Study1_Tb3_N100,92,Level2Mean[2],16897,1
Study1_Tb3_N100,92,Level2Mean[3],16660,1.0002
Study1_Tb3_N100,92,Level2Mean[4],28099,1
Study1_Tb3_N100,92,Level2Mean[5],290,1.0018
Study1_Tb3_N100,92,Level2Mean[6],152,1.0013
Study1_Tb3_N100,92,Level2Mean[7],291,1.0001
Study1_Tb3_N100,92,Level2Mean[8],281,1.0011
Study1_Tb3_N100,92,Level2Sigma[1],1950,1.0005
Study1_Tb3_N100,92,Level2Sigma[2],1040,1
Study1_Tb3_N100,92,Level2Sigma[3],2221,1.0008
Study1_Tb3_N100,92,Level2Sigma[4],4544,1
Study1_Tb3_N100,92,Level2Sigma[5],694,1.0019
Study1_Tb3_N100,92,Level2Sigma[6],427,1.0105
Study1_Tb3_N100,92,Level2Sigma[7],725,1.0029
Study1_Tb3_N100,92,Level2Sigma[8],537,1
Study1_Tb3_N100,92,"sigma_innovation[1,1]",1322,1.0008
Study1_Tb3_N100,92,"sigma_innovation[2,1]",1278,1
Study1_Tb3_N100,92,"sigma_innovation[1,2]",1278,1
Study1_Tb3_N100,92,"sigma_innovation[2,2]",411,1.0009
Study1_Tb3_N100,93,Level2Mean[1],20468,1.0003
Study1_Tb3_N100,93,Level2Mean[2],24940,1
Study1_Tb3_N100,93,Level2Mean[3],29584,1
Study1_Tb3_N100,93,Level2Mean[4],33592,1.0001
Study1_Tb3_N100,93,Level2Mean[5],271,1.0018
Study1_Tb3_N100,93,Level2Mean[6],240,1.0015
Study1_Tb3_N100,93,Level2Mean[7],260,1.0001
Study1_Tb3_N100,93,Level2Mean[8],344,1.001
Study1_Tb3_N100,93,Level2Sigma[1],1998,1.0007
Study1_Tb3_N100,93,Level2Sigma[2],2552,1
Study1_Tb3_N100,93,Level2Sigma[3],6475,1
Study1_Tb3_N100,93,Level2Sigma[4],24143,1
Study1_Tb3_N100,93,Level2Sigma[5],421,1.0001
Study1_Tb3_N100,93,Level2Sigma[6],524,1.0035
Study1_Tb3_N100,93,Level2Sigma[7],379,1.0002
Study1_Tb3_N100,93,Level2Sigma[8],517,1.0002
Study1_Tb3_N100,93,"sigma_innovation[1,1]",589,1.0008
Study1_Tb3_N100,93,"sigma_innovation[2,1]",503,1
Study1_Tb3_N100,93,"sigma_innovation[1,2]",503,1
Study1_Tb3_N100,93,"sigma_innovation[2,2]",603,1.0002
Study1_Tb3_N100,94,Level2Mean[1],11288,1
Study1_Tb3_N100,94,Level2Mean[2],18373,1
Study1_Tb3_N100,94,Level2Mean[3],20630,1
Study1_Tb3_N100,94,Level2Mean[4],32786,1
Study1_Tb3_N100,94,Level2Mean[5],141,1.0005
Study1_Tb3_N100,94,Level2Mean[6],215,1
Study1_Tb3_N100,94,Level2Mean[7],364,1.0016
Study1_Tb3_N100,94,Level2Mean[8],245,1.0004
Study1_Tb3_N100,94,Level2Sigma[1],713,1.0001
Study1_Tb3_N100,94,Level2Sigma[2],2404,1.0002
Study1_Tb3_N100,94,Level2Sigma[3],2533,1.0002
Study1_Tb3_N100,94,Level2Sigma[4],19864,1
Study1_Tb3_N100,94,Level2Sigma[5],746,1.0014
Study1_Tb3_N100,94,Level2Sigma[6],630,1.0013
Study1_Tb3_N100,94,Level2Sigma[7],406,1.0045
Study1_Tb3_N100,94,Level2Sigma[8],679,1
Study1_Tb3_N100,94,"sigma_innovation[1,1]",336,1.0004
Study1_Tb3_N100,94,"sigma_innovation[2,1]",923,1
Study1_Tb3_N100,94,"sigma_innovation[1,2]",923,1
Study1_Tb3_N100,94,"sigma_innovation[2,2]",651,1.0002
Study1_Tb3_N100,95,Level2Mean[1],17580,1
Study1_Tb3_N100,95,Level2Mean[2],22442,1
Study1_Tb3_N100,95,Level2Mean[3],20832,1.0002
Study1_Tb3_N100,95,Level2Mean[4],30746,1.0001
Study1_Tb3_N100,95,Level2Mean[5],197,1.0033
Study1_Tb3_N100,95,Level2Mean[6],203,1.0003
Study1_Tb3_N100,95,Level2Mean[7],324,1.0024
Study1_Tb3_N100,95,Level2Mean[8],341,1.0013
Study1_Tb3_N100,95,Level2Sigma[1],1871,1.0023
Study1_Tb3_N100,95,Level2Sigma[2],2043,1
Study1_Tb3_N100,95,Level2Sigma[3],3295,1.0009
Study1_Tb3_N100,95,Level2Sigma[4],10820,1
Study1_Tb3_N100,95,Level2Sigma[5],668,1.0001
Study1_Tb3_N100,95,Level2Sigma[6],613,1.0001
Study1_Tb3_N100,95,Level2Sigma[7],573,1.0005
Study1_Tb3_N100,95,Level2Sigma[8],423,1
Study1_Tb3_N100,95,"sigma_innovation[1,1]",539,1.0025
Study1_Tb3_N100,95,"sigma_innovation[2,1]",756,1.0019
Study1_Tb3_N100,95,"sigma_innovation[1,2]",756,1.0019
Study1_Tb3_N100,95,"sigma_innovation[2,2]",489,1
Study1_Tb3_N100,96,Level2Mean[1],11593,1
Study1_Tb3_N100,96,Level2Mean[2],9716,1
Study1_Tb3_N100,96,Level2Mean[3],27761,1
Study1_Tb3_N100,96,Level2Mean[4],28939,1.0001
Study1_Tb3_N100,96,Level2Mean[5],271,1.0084
Study1_Tb3_N100,96,Level2Mean[6],297,1
Study1_Tb3_N100,96,Level2Mean[7],281,1
Study1_Tb3_N100,96,Level2Mean[8],655,1.0015
Study1_Tb3_N100,96,Level2Sigma[1],930,1.0014
Study1_Tb3_N100,96,Level2Sigma[2],1284,1
Study1_Tb3_N100,96,Level2Sigma[3],6838,1.0005
Study1_Tb3_N100,96,Level2Sigma[4],9754,1
Study1_Tb3_N100,96,Level2Sigma[5],597,1.0006
Study1_Tb3_N100,96,Level2Sigma[6],431,1
Study1_Tb3_N100,96,Level2Sigma[7],557,1.0002
Study1_Tb3_N100,96,Level2Sigma[8],472,1.0003
Study1_Tb3_N100,96,"sigma_innovation[1,1]",555,1.0026
Study1_Tb3_N100,96,"sigma_innovation[2,1]",962,1.0001
Study1_Tb3_N100,96,"sigma_innovation[1,2]",962,1.0001
Study1_Tb3_N100,96,"sigma_innovation[2,2]",964,1
Study1_Tb3_N100,97,Level2Mean[1],16041,1
Study1_Tb3_N100,97,Level2Mean[2],24330,1
Study1_Tb3_N100,97,Level2Mean[3],29039,1
Study1_Tb3_N100,97,Level2Mean[4],33849,1
Study1_Tb3_N100,97,Level2Mean[5],173,1.0071
Study1_Tb3_N100,97,Level2Mean[6],185,1.0007
Study1_Tb3_N100,97,Level2Mean[7],296,1.0004
Study1_Tb3_N100,97,Level2Mean[8],301,1.0004
Study1_Tb3_N100,97,Level2Sigma[1],932,1.0018
Study1_Tb3_N100,97,Level2Sigma[2],3508,1.0001
Study1_Tb3_N100,97,Level2Sigma[3],6679,1.0006
Study1_Tb3_N100,97,Level2Sigma[4],13465,1
Study1_Tb3_N100,97,Level2Sigma[5],511,1.003
Study1_Tb3_N100,97,Level2Sigma[6],672,1.0009
Study1_Tb3_N100,97,Level2Sigma[7],457,1.0001
Study1_Tb3_N100,97,Level2Sigma[8],614,1.0011
Study1_Tb3_N100,97,"sigma_innovation[1,1]",343,1.0044
Study1_Tb3_N100,97,"sigma_innovation[2,1]",524,1.001
Study1_Tb3_N100,97,"sigma_innovation[1,2]",524,1.001
Study1_Tb3_N100,97,"sigma_innovation[2,2]",496,1.0002
Study1_Tb3_N100,98,Level2Mean[1],17975,1
Study1_Tb3_N100,98,Level2Mean[2],17289,1
Study1_Tb3_N100,98,Level2Mean[3],25959,1
Study1_Tb3_N100,98,Level2Mean[4],32713,1
Study1_Tb3_N100,98,Level2Mean[5],200,1.0021
Study1_Tb3_N100,98,Level2Mean[6],277,1
Study1_Tb3_N100,98,Level2Mean[7],282,1.0013
Study1_Tb3_N100,98,Level2Mean[8],455,1.0003
Study1_Tb3_N100,98,Level2Sigma[1],1213,1.0005
Study1_Tb3_N100,98,Level2Sigma[2],2220,1.0001
Study1_Tb3_N100,98,Level2Sigma[3],2594,1.0008
Study1_Tb3_N100,98,Level2Sigma[4],11499,1
Study1_Tb3_N100,98,Level2Sigma[5],442,1.001
Study1_Tb3_N100,98,Level2Sigma[6],580,1.0005
Study1_Tb3_N100,98,Level2Sigma[7],434,1.0101
Study1_Tb3_N100,98,Level2Sigma[8],406,1.0152
Study1_Tb3_N100,98,"sigma_innovation[1,1]",384,1.0034
Study1_Tb3_N100,98,"sigma_innovation[2,1]",779,1.0003
Study1_Tb3_N100,98,"sigma_innovation[1,2]",779,1.0003
Study1_Tb3_N100,98,"sigma_innovation[2,2]",815,1
Study1_Tb3_N100,99,Level2Mean[1],14969,1
Study1_Tb3_N100,99,Level2Mean[2],20853,1.0001
Study1_Tb3_N100,99,Level2Mean[3],17707,1
Study1_Tb3_N100,99,Level2Mean[4],30854,1
Study1_Tb3_N100,99,Level2Mean[5],181,1.0013
Study1_Tb3_N100,99,Level2Mean[6],186,1.0064
Study1_Tb3_N100,99,Level2Mean[7],215,1.0025
Study1_Tb3_N100,99,Level2Mean[8],319,1.0009
Study1_Tb3_N100,99,Level2Sigma[1],794,1.0002
Study1_Tb3_N100,99,Level2Sigma[2],1785,1.0017
Study1_Tb3_N100,99,Level2Sigma[3],2779,1.0001
Study1_Tb3_N100,99,Level2Sigma[4],9646,1.0003
Study1_Tb3_N100,99,Level2Sigma[5],378,1.0003
Study1_Tb3_N100,99,Level2Sigma[6],706,1.0049
Study1_Tb3_N100,99,Level2Sigma[7],476,1.0023
Study1_Tb3_N100,99,Level2Sigma[8],647,1.0027
Study1_Tb3_N100,99,"sigma_innovation[1,1]",406,1.0005
Study1_Tb3_N100,99,"sigma_innovation[2,1]",461,1.0004
Study1_Tb3_N100,99,"sigma_innovation[1,2]",461,1.0004
Study1_Tb3_N100,99,"sigma_innovation[2,2]",368,1.0029
Study1_Tb3_N100,100,Level2Mean[1],21832,1.0001
Study1_Tb3_N100,100,Level2Mean[2],21079,1
Study1_Tb3_N100,100,Level2Mean[3],27048,1
Study1_Tb3_N100,100,Level2Mean[4],31933,1
Study1_Tb3_N100,100,Level2Mean[5],166,1.0009
Study1_Tb3_N100,100,Level2Mean[6],165,1.0009
Study1_Tb3_N100,100,Level2Mean[7],220,1.0026
Study1_Tb3_N100,100,Level2Mean[8],318,1.0029
Study1_Tb3_N100,100,Level2Sigma[1],1528,1.0001
Study1_Tb3_N100,100,Level2Sigma[2],2745,1
Study1_Tb3_N100,100,Level2Sigma[3],3213,1
Study1_Tb3_N100,100,Level2Sigma[4],12162,1
Study1_Tb3_N100,100,Level2Sigma[5],578,1.0001
Study1_Tb3_N100,100,Level2Sigma[6],683,1
Study1_Tb3_N100,100,Level2Sigma[7],529,1
Study1_Tb3_N100,100,Level2Sigma[8],705,1.0109
Study1_Tb3_N100,100,"sigma_innovation[1,1]",315,1.0009
Study1_Tb3_N100,100,"sigma_innovation[2,1]",552,1.0005
Study1_Tb3_N100,100,"sigma_innovation[1,2]",552,1.0005
Study1_Tb3_N100,100,"sigma_innovation[2,2]",462,1
