"","Label","TruePar","MeanPar_hat","RMSE","rBias","SD","Mean_SE_hat","RDSE","95%CI_LL","95%CI_UL","Coverage","Power","TypeIError","DetectRate","MissingPer"
"Level2Mean[1]","Burst1_y1",NA,"3.362111",NA,NA,"0.136197165380105","0.130023","-0.045332554189907","3.08051","3.61202",NA,NA,NA,"1","0"
"Level2Mean[2]","Burst1_y2",NA,"2.637639",NA,NA,"0.0936488356747286","0.097594","0.0421272116929906","2.4563475","2.8107625",NA,NA,NA,"1","0"
"Level2Mean[3]","Burst2_y1",NA,"6.522838",NA,NA,"0.194077385263474","0.184774","-0.0479364726129447","6.1924525","6.89788",NA,NA,NA,"1","0"
"Level2Mean[4]","Burst2_y2",NA,"4.792024",NA,NA,"0.117744714539635","0.131487","0.116712546411064","4.5663625","4.99767",NA,NA,NA,"1","0"
"Level2Mean[5]","Burst3_y1",NA,"8.361949",NA,NA,"0.207769195223542","0.200181","-0.0365222342772128","7.9848375","8.769675",NA,NA,NA,"1","0"
"Level2Mean[6]","Burst3_y2",NA,"6.253557",NA,NA,"0.136355098844187","0.14764","0.0827611233570951","5.9902075","6.4949625",NA,NA,NA,"1","0"
"Level2Mean[7]","Burst4_y1",NA,"9.243067",NA,NA,"0.221419213466039","0.202627","-0.0848716476401041","8.8779375","9.684395",NA,NA,NA,"1","0"
"Level2Mean[8]","Burst4_y2",NA,"7.086489",NA,NA,"0.132712018207726","0.152691","0.150543877352559","6.81066","7.3141525",NA,NA,NA,"1","0"
"Level2Mean[9]","Burst5_y1",NA,"9.626289",NA,NA,"0.213364862203767","0.204259","-0.0426774217165634","9.208765","10.0582425",NA,NA,NA,"1","0"
"Level2Mean[10]","Burst5_y2",NA,"7.506293",NA,NA,"0.14959235129734","0.15644","0.0457753932154562","7.1634725","7.7629075",NA,NA,NA,"1","0"
"Level2Mean[11]","AR1","0.3","0.30315","0.038901285325809","0.0105","0.0389688751739543","0.040735","0.0453214217285419","0.21932","0.369945","0.94","1",NA,"1","0"
"Level2Mean[12]","AR2","0.2","0.206233","0.0379109707076988","0.0311649999999999","0.0375834614793219","0.037912","0.00874157163141589","0.12753","0.2818875","0.93","1",NA,"1","0"
"Level2Mean[13]","CR_y1toy2","-0.15","-0.152023","0.0323843588789403","0.0134866666666666","0.032483938082279","0.03399","0.046363280028004","-0.2021925","-0.0922275","0.97","0.98",NA,"0.98","0"
"Level2Mean[14]","CR_y2toy1","-0.1","-0.099405","0.030787710210407","-0.00594999999999998","0.0309370340491388","0.033156","0.0717252322034706","-0.14861","-0.0352225","0.96","0.84",NA,"0.84","0"
"Level2Sigma[1]","SD_Burst1_y1",NA,"1.152327",NA,NA,"0.0991607845008715","0.104835","0.0572223740230555","0.9458625","1.3579375",NA,NA,NA,"1","0"
"Level2Sigma[2]","SD_Burst1_y2",NA,"0.807775",NA,NA,"0.0731593823598363","0.083941","0.147371632897802","0.683875","0.96036",NA,NA,NA,"1","0"
"Level2Sigma[3]","SD_Burst2_y1",NA,"1.74642",NA,NA,"0.120853851967381","0.139151","0.151398964408333","1.5104925","1.951835",NA,NA,NA,"1","0"
"Level2Sigma[4]","SD_Burst2_y2",NA,"1.194663",NA,NA,"0.0941098548441548","0.103442","0.0991622521498861","1.0289675","1.3518025",NA,NA,NA,"1","0"
"Level2Sigma[5]","SD_Burst3_y1",NA,"1.909292",NA,NA,"0.132020402983934","0.149368","0.131400879136665","1.6613375","2.1455875",NA,NA,NA,"1","0"
"Level2Sigma[6]","SD_Burst3_y2",NA,"1.369526",NA,NA,"0.106772648693806","0.113536","0.0633434815838409","1.2039225","1.5803475",NA,NA,NA,"1","0"
"Level2Sigma[7]","SD_Burst4_y1",NA,"1.933962",NA,NA,"0.126890862817882","0.151051","0.190400921276679","1.6980975","2.1723825",NA,NA,NA,"1","0"
"Level2Sigma[8]","SD_Burst4_y2",NA,"1.424145",NA,NA,"0.116681512799984","0.116745","0.000544106761148961","1.2115675","1.62877",NA,NA,NA,"1","0"
"Level2Sigma[9]","SD_Burst5_y1",NA,"1.951137",NA,NA,"0.120950452878504","0.152142","0.257886980818737","1.745255","2.188055",NA,NA,NA,"1","0"
"Level2Sigma[10]","SD_Burst5_y2",NA,"1.462901",NA,NA,"0.131405220669469","0.119104","-0.0936128763134246","1.24186","1.736085",NA,NA,NA,"1","0"
"Level2Sigma[11]","SD_AR1","0.1","0.11224","0.0262035646430023","0.1224","0.0232858651364195","0.035993","0.545701642998283","0.0834","0.16197","0.98","1",NA,"1","0"
"Level2Sigma[12]","SD_AR2","0.1","0.117752","0.0353722631450124","0.17752","0.030749287517409","0.035894","0.167311599648555","0.0831625","0.1909975","0.96","1",NA,"1","0"
"Level2Sigma[13]","SD_CR_y1toy2","0.1","0.105511","0.0219011575036572","0.0551099999999999","0.0213032358475363","0.031869","0.495969918752299","0.0788325","0.162455","1","1",NA,"1","0"
"Level2Sigma[14]","SD_CR_y2toy1","0.1","0.108372","0.0256187626555226","0.0837199999999999","0.0243341763241277","0.031823","0.307749215593832","0.0802225","0.1674975","0.99","1",NA,"1","0"
"sigma_innovation[1,1]","InnoVar_y1","1","0.998336","0.0358516722064676","-0.001664","0.0359934548483359","0.036696","0.0195186917906163","0.9364275","1.070085","0.96","1",NA,"1","0"
"sigma_innovation[2,2]","InnoVar_y2","1","1.003535","0.0411741557290493","0.00353500000000007","0.0412287885469668","0.035899","-0.129273469699341","0.922725","1.0784025","0.93","1",NA,"1","0"
"sigma_innovation[1,2]","InnoCov","0.3","0.300644","0.0266257995185121","0.00214666666666678","0.0267521067611808","0.026271","-0.0179838831190273","0.2635125","0.3516875","0.96","1",NA,"1","0"
"sigma_innovation[2,1]","InnoCov_sym","0.3","0.300644","0.0266257995185121","0.00214666666666678","0.0267521067611808","0.026271","-0.0179838831190273","0.2635125","0.3516875","0.96","1",NA,"1","0"
