"r","Tru_Level2Mean[1]","Est_Level2Mean[1]","se_Level2Mean[1]","LL_Level2Mean[1]","UL_Level2Mean[1]","cFlag_Level2Mean[1]","pFlag_Level2Mean[1]","Tru_Level2Mean[2]","Est_Level2Mean[2]","se_Level2Mean[2]","LL_Level2Mean[2]","UL_Level2Mean[2]","cFlag_Level2Mean[2]","pFlag_Level2Mean[2]","Tru_Level2Mean[3]","Est_Level2Mean[3]","se_Level2Mean[3]","LL_Level2Mean[3]","UL_Level2Mean[3]","cFlag_Level2Mean[3]","pFlag_Level2Mean[3]","Tru_Level2Mean[4]","Est_Level2Mean[4]","se_Level2Mean[4]","LL_Level2Mean[4]","UL_Level2Mean[4]","cFlag_Level2Mean[4]","pFlag_Level2Mean[4]","Tru_Level2Mean[5]","Est_Level2Mean[5]","se_Level2Mean[5]","LL_Level2Mean[5]","UL_Level2Mean[5]","cFlag_Level2Mean[5]","pFlag_Level2Mean[5]","Tru_Level2Mean[6]","Est_Level2Mean[6]","se_Level2Mean[6]","LL_Level2Mean[6]","UL_Level2Mean[6]","cFlag_Level2Mean[6]","pFlag_Level2Mean[6]","Tru_Level2Mean[7]","Est_Level2Mean[7]","se_Level2Mean[7]","LL_Level2Mean[7]","UL_Level2Mean[7]","cFlag_Level2Mean[7]","pFlag_Level2Mean[7]","Tru_Level2Mean[8]","Est_Level2Mean[8]","se_Level2Mean[8]","LL_Level2Mean[8]","UL_Level2Mean[8]","cFlag_Level2Mean[8]","pFlag_Level2Mean[8]","Tru_Level2Sigma[1]","Est_Level2Sigma[1]","se_Level2Sigma[1]","LL_Level2Sigma[1]","UL_Level2Sigma[1]","cFlag_Level2Sigma[1]","pFlag_Level2Sigma[1]","Tru_Level2Sigma[2]","Est_Level2Sigma[2]","se_Level2Sigma[2]","LL_Level2Sigma[2]","UL_Level2Sigma[2]","cFlag_Level2Sigma[2]","pFlag_Level2Sigma[2]","Tru_Level2Sigma[3]","Est_Level2Sigma[3]","se_Level2Sigma[3]","LL_Level2Sigma[3]","UL_Level2Sigma[3]","cFlag_Level2Sigma[3]","pFlag_Level2Sigma[3]","Tru_Level2Sigma[4]","Est_Level2Sigma[4]","se_Level2Sigma[4]","LL_Level2Sigma[4]","UL_Level2Sigma[4]","cFlag_Level2Sigma[4]","pFlag_Level2Sigma[4]","Tru_Level2Sigma[5]","Est_Level2Sigma[5]","se_Level2Sigma[5]","LL_Level2Sigma[5]","UL_Level2Sigma[5]","cFlag_Level2Sigma[5]","pFlag_Level2Sigma[5]","Tru_Level2Sigma[6]","Est_Level2Sigma[6]","se_Level2Sigma[6]","LL_Level2Sigma[6]","UL_Level2Sigma[6]","cFlag_Level2Sigma[6]","pFlag_Level2Sigma[6]","Tru_Level2Sigma[7]","Est_Level2Sigma[7]","se_Level2Sigma[7]","LL_Level2Sigma[7]","UL_Level2Sigma[7]","cFlag_Level2Sigma[7]","pFlag_Level2Sigma[7]","Tru_Level2Sigma[8]","Est_Level2Sigma[8]","se_Level2Sigma[8]","LL_Level2Sigma[8]","UL_Level2Sigma[8]","cFlag_Level2Sigma[8]","pFlag_Level2Sigma[8]","Tru_sigma_innovation[1,1]","Est_sigma_innovation[1,1]","se_sigma_innovation[1,1]","LL_sigma_innovation[1,1]","UL_sigma_innovation[1,1]","cFlag_sigma_innovation[1,1]","pFlag_sigma_innovation[1,1]","Tru_sigma_innovation[2,2]","Est_sigma_innovation[2,2]","se_sigma_innovation[2,2]","LL_sigma_innovation[2,2]","UL_sigma_innovation[2,2]","cFlag_sigma_innovation[2,2]","pFlag_sigma_innovation[2,2]","Tru_sigma_innovation[1,2]","Est_sigma_innovation[1,2]","se_sigma_innovation[1,2]","LL_sigma_innovation[1,2]","UL_sigma_innovation[1,2]","cFlag_sigma_innovation[1,2]","pFlag_sigma_innovation[1,2]","Tru_sigma_innovation[2,1]","Est_sigma_innovation[2,1]","se_sigma_innovation[2,1]","LL_sigma_innovation[2,1]","UL_sigma_innovation[2,1]","cFlag_sigma_innovation[2,1]","pFlag_sigma_innovation[2,1]"
1,0,-0.0241,0.0581,-0.1383,0.0903,1,0,1,1.0605,0.0546,0.9537,1.1668,1,1,1,0.9459,0.0755,0.7981,1.0929,1,1,1.5,1.4952,0.0992,1.3001,1.6907,1,1,0.3,0.3203,0.0583,0.2037,0.4322,1,1,0.2,0.263,0.0561,0.1539,0.3769,1,1,-0.15,-0.189,0.0424,-0.2722,-0.1066,1,1,0,-0.0067,0.0442,-0.0911,0.0791,1,0,1,1.0697,0.0581,0.9553,1.185,1,1,1,1.0137,0.0548,0.9048,1.1201,1,1,1.5,1.5221,0.0629,1.4017,1.648,1,1,2,2.1085,0.0751,1.9648,2.2594,1,1,0.1,0.1873,0.0625,0.0726,0.3078,1,1,0.1,0.1248,0.049,0.0518,0.2365,1,1,0.1,0.1375,0.053,0.0594,0.2617,1,1,0.1,0.1231,0.0492,0.051,0.2351,1,1,1,1.0121,0.051,0.9159,1.1141,1,1,1,1.0177,0.0501,0.9236,1.1186,1,1,0.3,0.3182,0.0343,0.2526,0.3861,1,1,0.3,0.3182,0.0343,0.2526,0.3861,1,1
2,0,0.0162,0.0563,-0.0934,0.1271,1,0,1,0.9787,0.0576,0.8658,1.0916,1,1,1,1.2077,0.0746,1.0614,1.3531,0,1,1.5,1.6204,0.0918,1.4403,1.7998,1,1,0.3,0.2788,0.0528,0.1756,0.3798,1,1,0.2,0.2628,0.0531,0.1672,0.3732,1,1,-0.15,-0.1137,0.0411,-0.1928,-0.0301,1,1,0,0.0604,0.0382,-0.0139,0.1384,1,0,1,1.0322,0.0551,0.9255,1.1416,1,1,1,1.0686,0.0522,0.9661,1.1701,1,1,1.5,1.5069,0.0609,1.39,1.6286,1,1,2,1.9316,0.0706,1.7975,2.0745,1,1,0.1,0.1248,0.0482,0.053,0.2346,1,1,0.1,0.1303,0.051,0.0526,0.2431,1,1,0.1,0.0922,0.0294,0.0489,0.1625,1,1,0.1,0.1015,0.0351,0.0499,0.185,1,1,1,1.0076,0.0478,0.9171,1.1035,1,1,1,1,0.0465,0.9144,1.0963,1,1,0.3,0.3149,0.0321,0.2539,0.3793,1,1,0.3,0.3149,0.0321,0.2539,0.3793,1,1
3,0,-0.0354,0.0528,-0.1392,0.0675,1,0,1,0.9867,0.0536,0.8823,1.0927,1,1,1,0.9091,0.0792,0.7554,1.0646,1,1,1.5,1.4976,0.0982,1.305,1.6891,1,1,0.3,0.2824,0.0538,0.1744,0.3795,1,1,0.2,0.1957,0.0553,0.0964,0.3126,1,1,-0.15,-0.1451,0.0399,-0.2231,-0.0649,1,1,0,0.0039,0.0389,-0.0718,0.0825,1,0,1,0.9432,0.0547,0.8346,1.05,1,1,1,1.0043,0.0509,0.9026,1.1043,1,1,1.5,1.6252,0.0634,1.5028,1.7521,0,1,2,2.096,0.0734,1.9561,2.2438,1,1,0.1,0.1059,0.0391,0.0506,0.2009,1,1,0.1,0.1077,0.0426,0.0476,0.208,1,1,0.1,0.0944,0.0327,0.0475,0.1721,1,1,0.1,0.1137,0.0416,0.0538,0.2117,1,1,1,1.0011,0.0471,0.9118,1.0951,1,1,1,0.9871,0.0467,0.9016,1.0837,1,1,0.3,0.3132,0.03,0.2559,0.3733,1,1,0.3,0.3132,0.03,0.2559,0.3733,1,1
4,0,0.0625,0.0526,-0.0401,0.1651,1,0,1,0.9334,0.0529,0.8297,1.0362,1,1,1,0.9436,0.0726,0.8006,1.0862,1,1,1.5,1.4111,0.0909,1.2331,1.5885,1,1,0.3,0.3926,0.0448,0.308,0.4868,0,1,0.2,0.3035,0.0579,0.1907,0.4152,1,1,-0.15,-0.1971,0.0415,-0.2721,-0.1119,1,1,0,-0.0155,0.0374,-0.0896,0.0592,1,0,1,0.8854,0.0588,0.7677,0.9988,0,1,1,0.9259,0.06,0.804,1.0392,1,1,1.5,1.4193,0.0611,1.3017,1.5423,1,1,2,1.893,0.0708,1.7576,2.0358,1,1,0.1,0.1007,0.0339,0.0488,0.1753,1,1,0.1,0.1237,0.0489,0.0521,0.2335,1,1,0.1,0.0987,0.0371,0.0469,0.1886,1,1,0.1,0.0951,0.0315,0.0485,0.1648,1,1,1,1.0757,0.0465,0.9878,1.1697,1,1,1,1.0748,0.0515,0.9774,1.1793,1,1,0.3,0.3088,0.0323,0.2473,0.3736,1,1,0.3,0.3088,0.0323,0.2473,0.3736,1,1
5,0,-0.0126,0.0581,-0.1265,0.1009,1,0,1,0.9762,0.0552,0.8683,1.0842,1,1,1,1.0678,0.0734,0.9244,1.2111,1,1,1.5,1.4426,0.0874,1.2705,1.6132,1,1,0.3,0.2902,0.052,0.188,0.3894,1,1,0.2,0.3086,0.0566,0.2003,0.4238,0,1,-0.15,-0.185,0.0422,-0.2691,-0.1033,1,1,0,0.0494,0.0377,-0.0285,0.1228,1,0,1,1.0837,0.0563,0.973,1.1937,1,1,1,0.9907,0.0598,0.8694,1.1047,1,1,1.5,1.464,0.0608,1.3473,1.5858,1,1,2,1.8131,0.0691,1.6814,1.9525,0,1,0.1,0.0917,0.03,0.0479,0.1626,1,1,0.1,0.1257,0.0486,0.0544,0.2358,1,1,0.1,0.0955,0.0341,0.047,0.1809,1,1,0.1,0.0973,0.0338,0.0501,0.176,1,1,1,1.0398,0.0483,0.9476,1.1366,1,1,1,1.0729,0.0514,0.9777,1.1794,1,1,0.3,0.276,0.0328,0.2113,0.3402,1,1,0.3,0.276,0.0328,0.2113,0.3402,1,1
6,0,0.0636,0.0565,-0.048,0.1746,1,0,1,0.9827,0.0528,0.8785,1.0862,1,1,1,1.096,0.0734,0.9514,1.2402,1,1,1.5,1.5943,0.0978,1.4054,1.7856,1,1,0.3,0.3275,0.0528,0.2215,0.4295,1,1,0.2,0.2318,0.0531,0.1332,0.3353,1,1,-0.15,-0.1784,0.042,-0.2605,-0.1008,1,1,0,-0.0188,0.0373,-0.0915,0.0511,1,0,1,1.014,0.0559,0.9038,1.1237,1,1,1,0.9606,0.0524,0.857,1.0627,1,1,1.5,1.4652,0.0613,1.3483,1.588,1,1,2,2.0553,0.0739,1.9144,2.2041,1,1,0.1,0.1165,0.0418,0.0543,0.2105,1,1,0.1,0.1334,0.0509,0.055,0.2423,1,1,0.1,0.1079,0.04,0.0516,0.2049,1,1,0.1,0.086,0.0273,0.0467,0.152,1,1,1,1.0368,0.0478,0.9453,1.1338,1,1,1,1.0487,0.0495,0.9565,1.1501,1,1,0.3,0.3268,0.0327,0.2642,0.392,1,1,0.3,0.3268,0.0327,0.2642,0.392,1,1
7,0,0.0883,0.0523,-0.0144,0.1916,1,0,1,0.9734,0.0562,0.8642,1.0834,1,1,1,0.9041,0.0733,0.7598,1.0468,1,1,1.5,1.4989,0.0953,1.3132,1.6863,1,1,0.3,0.2454,0.0623,0.1243,0.3728,1,1,0.2,0.2806,0.0551,0.1761,0.3898,1,1,-0.15,-0.1663,0.043,-0.2526,-0.0852,1,1,0,0.0469,0.0377,-0.0295,0.1181,1,0,1,0.9444,0.0555,0.8308,1.0503,1,1,1,1.0274,0.0558,0.9164,1.1353,1,1,1.5,1.4921,0.0608,1.3743,1.6137,1,1,2,1.9938,0.073,1.855,2.1407,1,1,0.1,0.1251,0.0506,0.0527,0.2401,1,1,0.1,0.1084,0.0397,0.051,0.2022,1,1,0.1,0.103,0.0374,0.051,0.1938,1,1,0.1,0.1222,0.0486,0.0521,0.2333,1,1,1,0.9607,0.051,0.865,1.0653,1,1,1,1.095,0.0523,0.9988,1.2028,1,1,0.3,0.3207,0.0324,0.2582,0.3845,1,1,0.3,0.3207,0.0324,0.2582,0.3845,1,1
8,0,-0.0144,0.0577,-0.127,0.0984,1,0,1,0.9855,0.0522,0.8838,1.0877,1,1,1,1.0428,0.0776,0.8906,1.1951,1,1,1.5,1.7458,0.0971,1.5582,1.9371,0,1,0.3,0.3085,0.0542,0.2019,0.4132,1,1,0.2,0.236,0.0502,0.1359,0.3344,1,1,-0.15,-0.1209,0.0414,-0.2015,-0.0416,1,1,0,-0.0163,0.0379,-0.0908,0.0572,1,0,1,1.0838,0.0549,0.9782,1.192,1,1,1,0.948,0.0525,0.8441,1.0501,1,1,1.5,1.5645,0.0617,1.447,1.688,1,1,2,2.0707,0.0737,1.9312,2.2205,1,1,0.1,0.1304,0.0469,0.0575,0.2334,1,1,0.1,0.1345,0.0537,0.0534,0.2527,1,1,0.1,0.1162,0.0458,0.0535,0.2294,1,1,0.1,0.1463,0.0505,0.0641,0.2507,1,1,1,0.9716,0.0475,0.8823,1.0679,1,1,1,1.0336,0.0467,0.9442,1.1275,1,1,0.3,0.3113,0.0308,0.2514,0.3723,1,1,0.3,0.3113,0.0308,0.2514,0.3723,1,1
9,0,0.0607,0.0534,-0.0439,0.1659,1,0,1,1.0685,0.0509,0.9682,1.1688,1,1,1,1.0498,0.0712,0.9109,1.1902,1,1,1.5,1.4982,0.0966,1.3086,1.6873,1,1,0.3,0.2824,0.0569,0.1741,0.393,1,1,0.2,0.213,0.0469,0.1267,0.3085,1,1,-0.15,-0.2589,0.0402,-0.3393,-0.1822,0,1,0,-0.0362,0.0382,-0.1115,0.0386,1,0,1,0.9713,0.0539,0.8643,1.0765,1,1,1,0.9235,0.049,0.8261,1.0194,1,1,1.5,1.4343,0.059,1.3208,1.5514,1,1,2,2.0535,0.0727,1.9146,2.2001,1,1,0.1,0.1119,0.0401,0.051,0.2033,1,1,0.1,0.0966,0.0364,0.0486,0.1848,1,1,0.1,0.1203,0.049,0.0487,0.2346,1,1,0.1,0.1081,0.0389,0.053,0.1981,1,1,1,0.9698,0.0474,0.8801,1.0652,1,1,1,1.0058,0.0448,0.9223,1.0981,1,1,0.3,0.2741,0.03,0.2167,0.3337,1,1,0.3,0.2741,0.03,0.2167,0.3337,1,1
10,0,0.001,0.0545,-0.1056,0.1073,1,0,1,1.0057,0.0547,0.8982,1.1123,1,1,1,1.0319,0.0762,0.882,1.1812,1,1,1.5,1.5254,0.0932,1.3419,1.7072,1,1,0.3,0.2761,0.0517,0.1767,0.3815,1,1,0.2,0.2028,0.0559,0.0912,0.3127,1,1,-0.15,-0.1871,0.0447,-0.2752,-0.1005,1,1,0,-0.0311,0.0383,-0.107,0.0423,1,0,1,0.9889,0.0524,0.886,1.0907,1,1,1,1.0321,0.0527,0.9279,1.135,1,1,1.5,1.5592,0.0609,1.4431,1.6823,1,1,2,1.9833,0.0707,1.8486,2.1264,1,1,0.1,0.1116,0.0451,0.05,0.2181,1,1,0.1,0.1145,0.0477,0.0499,0.2268,1,1,0.1,0.1041,0.0412,0.0484,0.2045,1,1,0.1,0.1515,0.0573,0.0613,0.2787,1,1,1,0.9509,0.0464,0.8619,1.0452,1,1,1,0.9998,0.0478,0.9095,1.0978,1,1,0.3,0.2558,0.0309,0.1966,0.3172,1,1,0.3,0.2558,0.0309,0.1966,0.3172,1,1
11,0,-0.0017,0.0549,-0.1091,0.1066,1,0,1,0.9871,0.0548,0.8797,1.0946,1,1,1,1.0774,0.0753,0.9296,1.2263,1,1,1.5,1.4893,0.0924,1.3089,1.6704,1,1,0.3,0.2758,0.0496,0.1782,0.3731,1,1,0.2,0.2556,0.0598,0.1335,0.3693,1,1,-0.15,-0.242,0.0439,-0.3225,-0.1517,0,1,0,-0.0197,0.0369,-0.0887,0.053,1,0,1,1.0072,0.0522,0.9044,1.1094,1,1,1,1.0164,0.0581,0.9004,1.1287,1,1,1.5,1.5381,0.0602,1.4232,1.6589,1,1,2,1.9438,0.0714,1.8076,2.0879,1,1,0.1,0.1007,0.0371,0.0506,0.1899,1,1,0.1,0.155,0.0577,0.0564,0.2701,1,1,0.1,0.1052,0.0412,0.0463,0.2007,1,1,0.1,0.0877,0.0298,0.0461,0.1607,1,1,1,0.9723,0.0445,0.8878,1.0627,1,1,1,1.0089,0.0507,0.9129,1.1117,1,1,0.3,0.2473,0.0313,0.1884,0.3113,1,1,0.3,0.2473,0.0313,0.1884,0.3113,1,1
12,0,0.0229,0.0554,-0.0867,0.1315,1,0,1,1.0371,0.0522,0.9349,1.1398,1,1,1,1.0133,0.0716,0.8722,1.1526,1,1,1.5,1.4176,0.0937,1.2337,1.6018,1,1,0.3,0.2787,0.0569,0.1655,0.3921,1,1,0.2,0.1643,0.0497,0.0741,0.2635,1,1,-0.15,-0.1789,0.0415,-0.2591,-0.093,1,1,0,9e-04,0.043,-0.0813,0.087,1,0,1,1.0118,0.0558,0.8997,1.1198,1,1,1,0.9781,0.0474,0.8863,1.0715,1,1,1.5,1.443,0.0605,1.3259,1.5632,1,1,2,2.0128,0.0708,1.8789,2.1557,1,1,0.1,0.108,0.0383,0.051,0.1972,1,1,0.1,0.0919,0.0294,0.0471,0.1606,1,1,0.1,0.1139,0.0445,0.0487,0.2134,1,1,0.1,0.0934,0.0326,0.0468,0.1691,1,1,1,1.0287,0.0507,0.9331,1.1311,1,1,1,0.9568,0.0439,0.8763,1.0481,1,1,0.3,0.3192,0.0322,0.2574,0.3845,1,1,0.3,0.3192,0.0322,0.2574,0.3845,1,1
13,0,-0.0334,0.0558,-0.1421,0.0772,1,0,1,1.0676,0.0524,0.9641,1.1706,1,1,1,0.9769,0.0733,0.8334,1.1209,1,1,1.5,1.5614,0.093,1.3796,1.7427,1,1,0.3,0.2586,0.0585,0.1404,0.3687,1,1,0.2,0.0753,0.0503,-0.023,0.1764,0,0,-0.15,-0.1232,0.044,-0.2064,-0.0362,1,1,0,-0.0433,0.0413,-0.1206,0.0388,1,0,1,1.0304,0.056,0.9201,1.14,1,1,1,1.0196,0.0458,0.9312,1.1101,1,1,1.5,1.4882,0.0604,1.3713,1.6092,1,1,2,2.0128,0.0696,1.8813,2.1536,1,1,0.1,0.1305,0.0492,0.0589,0.2409,1,1,0.1,0.1108,0.0423,0.0513,0.2082,1,1,0.1,0.1258,0.0481,0.054,0.2355,1,1,0.1,0.1176,0.0459,0.05,0.2242,1,1,1,0.9875,0.0489,0.8942,1.0871,1,1,1,0.9094,0.0424,0.8301,0.9958,0,1,0.3,0.2801,0.0321,0.2198,0.3456,1,1,0.3,0.2801,0.0321,0.2198,0.3456,1,1
14,0,-0.1208,0.0555,-0.2305,-0.0126,0,1,1,0.9763,0.0533,0.8712,1.0802,1,1,1,1.0184,0.077,0.8659,1.1673,1,1,1.5,1.3784,0.0974,1.1866,1.5687,1,1,0.3,0.3199,0.0557,0.2091,0.4228,1,1,0.2,0.2419,0.047,0.1493,0.3301,1,1,-0.15,-0.1724,0.0387,-0.2475,-0.095,1,1,0,-0.0307,0.0407,-0.1098,0.0512,1,0,1,0.9899,0.0579,0.8763,1.1029,1,1,1,0.973,0.0511,0.8733,1.0741,1,1,1.5,1.5372,0.0635,1.4164,1.6655,1,1,2,2.0786,0.0729,1.9396,2.2252,1,1,0.1,0.1569,0.0546,0.0651,0.2645,1,1,0.1,0.0933,0.0339,0.0452,0.1733,1,1,0.1,0.103,0.037,0.049,0.188,1,1,0.1,0.1306,0.0525,0.0536,0.2488,1,1,1,1.0492,0.0522,0.9506,1.1535,1,1,1,1.02,0.046,0.9333,1.1132,1,1,0.3,0.3077,0.0324,0.2449,0.3731,1,1,0.3,0.3077,0.0324,0.2449,0.3731,1,1
15,0,-0.0279,0.0559,-0.1379,0.0805,1,0,1,1.0818,0.0512,0.9815,1.1816,1,1,1,0.8961,0.0804,0.7385,1.0549,1,1,1.5,1.3221,0.0941,1.1381,1.5067,1,1,0.3,0.3278,0.0549,0.217,0.4344,1,1,0.2,0.2176,0.0529,0.1167,0.3213,1,1,-0.15,-0.1994,0.041,-0.2812,-0.1224,1,1,0,-0.0715,0.0381,-0.1454,0.0029,1,0,1,1.0109,0.058,0.8956,1.1242,1,1,1,0.9291,0.0524,0.824,1.0302,1,1,1.5,1.6495,0.065,1.5252,1.7802,0,1,2,1.9909,0.0713,1.8551,2.1345,1,1,0.1,0.161,0.0574,0.0634,0.274,1,1,0.1,0.1182,0.0432,0.0544,0.2176,1,1,0.1,0.0982,0.0346,0.0479,0.1793,1,1,0.1,0.11,0.0419,0.0514,0.2089,1,1,1,1.0148,0.0491,0.9223,1.1142,1,1,1,1.015,0.0462,0.93,1.1111,1,1,0.3,0.2763,0.0311,0.2158,0.3374,1,1,0.3,0.2763,0.0311,0.2158,0.3374,1,1
16,0,-0.0056,0.055,-0.1132,0.1026,1,0,1,0.9802,0.0543,0.8737,1.0864,1,1,1,0.8723,0.071,0.7335,1.0116,1,1,1.5,1.536,0.1012,1.3368,1.7343,1,1,0.3,0.3504,0.0572,0.2392,0.4536,1,1,0.2,0.1263,0.0543,0.0265,0.2331,1,1,-0.15,-0.1436,0.0406,-0.2224,-0.063,1,1,0,-0.0401,0.0435,-0.1293,0.0399,1,0,1,0.975,0.0579,0.8587,1.087,1,1,1,1.0543,0.0479,0.961,1.1488,1,1,1.5,1.3963,0.0608,1.2791,1.518,1,1,2,2.1777,0.0744,2.0369,2.3273,0,1,0.1,0.0972,0.0336,0.0494,0.177,1,1,0.1,0.1001,0.0378,0.0477,0.1923,1,1,0.1,0.1308,0.0542,0.0536,0.2543,1,1,0.1,0.1047,0.0397,0.0479,0.2016,1,1,1,1.0225,0.0494,0.9293,1.1214,1,1,1,0.9214,0.0438,0.8409,1.0123,1,1,0.3,0.2868,0.0304,0.2283,0.3469,1,1,0.3,0.2868,0.0304,0.2283,0.3469,1,1
17,0,-0.0654,0.0536,-0.1702,0.04,1,0,1,1.0307,0.0559,0.9211,1.1415,1,1,1,1.0321,0.0731,0.8882,1.1746,1,1,1.5,1.424,0.0924,1.2427,1.6051,1,1,0.3,0.2751,0.0568,0.153,0.3785,1,1,0.2,0.332,0.0545,0.226,0.4414,0,1,-0.15,-0.195,0.0431,-0.2796,-0.1106,1,1,0,0.0233,0.0394,-0.0519,0.1027,1,0,1,0.9707,0.0535,0.8656,1.0748,1,1,1,0.9945,0.0583,0.8783,1.1073,1,1,1.5,1.4771,0.06,1.3609,1.5974,1,1,2,1.9178,0.0717,1.782,2.0617,1,1,0.1,0.1054,0.0388,0.0505,0.1934,1,1,0.1,0.0967,0.031,0.0484,0.1682,1,1,0.1,0.1045,0.0393,0.0495,0.1969,1,1,0.1,0.103,0.0345,0.0509,0.1816,1,1,1,0.9843,0.047,0.8936,1.0789,1,1,1,1.1081,0.0523,1.0088,1.2139,0,1,0.3,0.3289,0.0314,0.269,0.3922,1,1,0.3,0.3289,0.0314,0.269,0.3922,1,1
18,0,0.0539,0.0551,-0.0534,0.1622,1,0,1,0.9584,0.0549,0.8501,1.0665,1,1,1,0.9436,0.0738,0.7984,1.0876,1,1,1.5,1.5307,0.0936,1.3465,1.714,1,1,0.3,0.2142,0.0567,0.1032,0.3175,1,1,0.2,0.2183,0.0534,0.1086,0.3162,1,1,-0.15,-0.1551,0.0444,-0.2424,-0.0692,1,1,0,-0.004,0.0411,-0.082,0.0783,1,0,1,1.0432,0.0511,0.9432,1.1427,1,1,1,1.0259,0.0517,0.9252,1.1278,1,1,1.5,1.5178,0.0591,1.4033,1.6352,1,1,2,1.9955,0.0715,1.8594,2.1397,1,1,0.1,0.0907,0.032,0.0463,0.1695,1,1,0.1,0.1164,0.044,0.0524,0.2166,1,1,0.1,0.1088,0.0426,0.0482,0.2155,1,1,0.1,0.1307,0.0486,0.0567,0.2394,1,1,1,0.9229,0.0456,0.8373,1.0155,1,1,1,1.0006,0.0464,0.9127,1.0946,1,1,0.3,0.2721,0.031,0.2122,0.3338,1,1,0.3,0.2721,0.031,0.2122,0.3338,1,1
19,0,-0.0108,0.0526,-0.1138,0.0917,1,0,1,0.9282,0.0517,0.8267,1.029,1,1,1,1.0847,0.0722,0.9435,1.2254,1,1,1.5,1.4565,0.0955,1.271,1.6442,1,1,0.3,0.2836,0.0596,0.1661,0.4007,1,1,0.2,0.1837,0.0521,0.0868,0.2802,1,1,-0.15,-0.1516,0.0404,-0.2284,-0.0725,1,1,0,0.0171,0.0394,-0.0645,0.0893,1,0,1,0.9432,0.0561,0.8305,1.0507,1,1,1,0.9638,0.0496,0.8655,1.0601,1,1,1.5,1.4484,0.0604,1.3321,1.5681,1,1,2,2.0378,0.0712,1.9039,2.1825,1,1,0.1,0.0924,0.0305,0.0471,0.1659,1,1,0.1,0.111,0.0418,0.0518,0.2122,1,1,0.1,0.122,0.0476,0.0518,0.2355,1,1,0.1,0.0877,0.0283,0.0468,0.1577,1,1,1,1.0023,0.0506,0.9083,1.1059,1,1,1,0.9616,0.0447,0.8779,1.0518,1,1,0.3,0.2896,0.0306,0.2306,0.3509,1,1,0.3,0.2896,0.0306,0.2306,0.3509,1,1
20,0,0.0314,0.0553,-0.0768,0.1401,1,0,1,0.9206,0.0562,0.81,1.0307,1,1,1,1.0673,0.0749,0.9203,1.2151,1,1,1.5,1.3624,0.0939,1.1783,1.5471,1,1,0.3,0.2743,0.0557,0.1665,0.3745,1,1,0.2,0.2452,0.0586,0.1323,0.3566,1,1,-0.15,-0.1558,0.0425,-0.2364,-0.07,1,1,0,-0.0153,0.0391,-0.0903,0.0633,1,0,1,1.0093,0.0538,0.9049,1.1149,1,1,1,1.0459,0.0548,0.9382,1.1529,1,1,1.5,1.5173,0.0609,1.3997,1.6391,1,1,2,1.9861,0.0715,1.8504,2.1299,1,1,0.1,0.1139,0.042,0.0537,0.2146,1,1,0.1,0.1113,0.0448,0.0488,0.2191,1,1,0.1,0.116,0.043,0.051,0.2134,1,1,0.1,0.0974,0.0339,0.0464,0.1758,1,1,1,0.9755,0.047,0.886,1.0683,1,1,1,1.0174,0.0501,0.9238,1.1187,1,1,0.3,0.2737,0.0308,0.215,0.3351,1,1,0.3,0.2737,0.0308,0.215,0.3351,1,1
21,0,0.0199,0.0551,-0.0883,0.1278,1,0,1,1.0371,0.0512,0.9361,1.1368,1,1,1,0.9764,0.0742,0.8305,1.1217,1,1,1.5,1.4326,0.093,1.25,1.6158,1,1,0.3,0.3042,0.0534,0.1961,0.4037,1,1,0.2,0.2358,0.0507,0.1392,0.3367,1,1,-0.15,-0.1597,0.0409,-0.2401,-0.0785,1,1,0,0.0248,0.0416,-0.055,0.1089,1,0,1,0.9889,0.0568,0.8792,1.1017,1,1,1,0.9283,0.0495,0.8302,1.0246,1,1,1.5,1.493,0.0614,1.3756,1.6152,1,1,2,1.9609,0.0703,1.8284,2.103,1,1,0.1,0.2064,0.0481,0.1108,0.2975,0,1,0.1,0.1073,0.0395,0.0512,0.2007,1,1,0.1,0.0994,0.0355,0.0473,0.1841,1,1,0.1,0.0973,0.0348,0.0482,0.1826,1,1,1,1.0066,0.0474,0.9159,1.1024,1,1,1,0.973,0.0448,0.8902,1.0651,1,1,0.3,0.2709,0.0318,0.2095,0.3337,1,1,0.3,0.2709,0.0318,0.2095,0.3337,1,1
22,0,-0.037,0.0531,-0.141,0.0674,1,0,1,1.0002,0.0555,0.8914,1.1087,1,1,1,0.9104,0.0759,0.761,1.0585,1,1,1.5,1.3369,0.0951,1.1515,1.5242,1,1,0.3,0.3278,0.0596,0.2122,0.441,1,1,0.2,0.1495,0.0507,0.0544,0.2551,1,1,-0.15,-0.1793,0.044,-0.2623,-0.0907,1,1,0,-0.0173,0.0402,-0.0973,0.0613,1,0,1,0.9538,0.0585,0.837,1.0662,1,1,1,1.0692,0.049,0.974,1.1666,1,1,1.5,1.5363,0.0631,1.4148,1.6627,1,1,2,2.0363,0.0711,1.9026,2.1812,1,1,0.1,0.1272,0.0507,0.0516,0.2408,1,1,0.1,0.1014,0.0341,0.0499,0.1814,1,1,0.1,0.1293,0.0523,0.0555,0.2488,1,1,0.1,0.1885,0.061,0.079,0.3059,1,1,1,0.9701,0.0539,0.8699,1.0791,1,1,1,0.9676,0.0447,0.8842,1.059,1,1,0.3,0.254,0.0317,0.1928,0.317,1,1,0.3,0.254,0.0317,0.1928,0.317,1,1
23,0,-0.0304,0.0578,-0.1441,0.0818,1,0,1,1.0006,0.0535,0.8952,1.1056,1,1,1,1.114,0.077,0.9633,1.2663,1,1,1.5,1.7029,0.0965,1.513,1.8906,0,1,0.3,0.3266,0.0536,0.2268,0.4345,1,1,0.2,0.2028,0.0562,0.0842,0.3085,1,1,-0.15,-0.1645,0.0452,-0.2485,-0.0726,1,1,0,-0.0256,0.0345,-0.0952,0.037,1,0,1,1.0812,0.0531,0.9775,1.1855,1,1,1,0.991,0.0525,0.8871,1.0925,1,1,1.5,1.5808,0.0618,1.4619,1.705,1,1,2,2.0423,0.0729,1.9031,2.1888,1,1,0.1,0.1081,0.0433,0.0493,0.2096,1,1,0.1,0.0892,0.0315,0.0472,0.1658,1,1,0.1,0.0997,0.0351,0.0507,0.187,1,1,0.1,0.0975,0.0326,0.0477,0.1717,1,1,1,0.9072,0.0435,0.8267,0.9962,0,1,1,1.002,0.0485,0.9097,1.1002,1,1,0.3,0.2502,0.0298,0.1925,0.3092,1,1,0.3,0.2502,0.0298,0.1925,0.3092,1,1
24,0,-0.066,0.0549,-0.1738,0.0419,1,0,1,0.9765,0.0557,0.8664,1.0859,1,1,1,1.0658,0.0759,0.9177,1.2153,1,1,1.5,1.3913,0.0929,1.2078,1.5727,1,1,0.3,0.2759,0.0568,0.1651,0.3847,1,1,0.2,0.2779,0.0523,0.1781,0.3789,1,1,-0.15,-0.1756,0.0424,-0.2602,-0.095,1,1,0,0.0516,0.0397,-0.026,0.1317,1,0,1,0.9988,0.0545,0.8912,1.1047,1,1,1,1.0431,0.0524,0.9395,1.1461,1,1,1.5,1.545,0.0617,1.427,1.6698,1,1,2,1.9634,0.071,1.8296,2.1078,1,1,0.1,0.1165,0.0456,0.0509,0.2235,1,1,0.1,0.1163,0.0446,0.0543,0.219,1,1,0.1,0.1572,0.0593,0.0635,0.2831,1,1,0.1,0.0983,0.0329,0.048,0.1716,1,1,1,0.9773,0.0487,0.8869,1.0768,1,1,1,0.9831,0.0481,0.8921,1.0802,1,1,0.3,0.3093,0.0321,0.2464,0.3728,1,1,0.3,0.3093,0.0321,0.2464,0.3728,1,1
25,0,-0.1868,0.0549,-0.2931,-0.0787,0,1,1,1.0392,0.0523,0.9366,1.1416,1,1,1,1.087,0.0718,0.9459,1.2262,1,1,1.5,1.4544,0.0888,1.2812,1.6282,1,1,0.3,0.2619,0.0522,0.1633,0.3687,1,1,0.2,0.1294,0.0571,0.0188,0.2436,1,1,-0.15,-0.0998,0.0432,-0.1864,-0.0184,1,1,0,0.0433,0.0393,-0.035,0.1215,1,0,1,1.0188,0.0531,0.9147,1.1223,1,1,1,0.9862,0.0495,0.887,1.0822,1,1,1.5,1.4438,0.0589,1.3306,1.5619,1,1,2,1.88,0.0673,1.7521,2.0171,1,1,0.1,0.1286,0.0479,0.0575,0.2378,1,1,0.1,0.1054,0.0372,0.0509,0.1908,1,1,0.1,0.1221,0.051,0.054,0.2449,1,1,0.1,0.0893,0.029,0.0464,0.1566,1,1,1,0.9689,0.0451,0.885,1.0622,1,1,1,0.9875,0.0481,0.8994,1.088,1,1,0.3,0.3181,0.0311,0.2581,0.3805,1,1,0.3,0.3181,0.0311,0.2581,0.3805,1,1
26,0,0.0087,0.0568,-0.1027,0.1204,1,0,1,1.0167,0.053,0.9116,1.12,1,1,1,0.9581,0.0712,0.8197,1.0977,1,1,1.5,1.5837,0.0964,1.3943,1.7725,1,1,0.3,0.394,0.0524,0.2851,0.4891,1,1,0.2,0.1302,0.0491,0.0351,0.2311,1,1,-0.15,-0.0832,0.0388,-0.1579,-0.0062,1,1,0,0.0362,0.0404,-0.0407,0.1138,1,0,1,0.9774,0.0597,0.8594,1.0934,1,1,1,1.0128,0.0467,0.9215,1.1048,1,1,1.5,1.3752,0.0621,1.2556,1.4987,0,1,2,2.0657,0.0715,1.9298,2.2104,1,1,0.1,0.1224,0.0467,0.0535,0.2243,1,1,0.1,0.1048,0.0386,0.0497,0.1939,1,1,0.1,0.0991,0.0352,0.0492,0.1856,1,1,0.1,0.1344,0.0523,0.0575,0.2513,1,1,1,1.0529,0.0506,0.9544,1.1528,1,1,1,0.9425,0.0422,0.863,1.0297,1,1,0.3,0.3157,0.0317,0.254,0.3794,1,1,0.3,0.3157,0.0317,0.254,0.3794,1,1
27,0,-0.153,0.0577,-0.2655,-0.0394,0,1,1,0.9731,0.0514,0.8719,1.0733,1,1,1,0.9737,0.0729,0.8304,1.1144,1,1,1.5,1.5074,0.097,1.3179,1.6969,1,1,0.3,0.3556,0.0575,0.235,0.4656,1,1,0.2,0.1301,0.0521,0.0262,0.232,1,1,-0.15,-0.1893,0.0473,-0.2801,-0.0948,1,1,0,-0.0613,0.0389,-0.1369,0.0148,1,0,1,1.0608,0.0578,0.9473,1.1736,1,1,1,0.9751,0.0471,0.8824,1.0682,1,1,1.5,1.4566,0.0616,1.3382,1.5802,1,1,2,2.0893,0.0724,1.9527,2.2356,1,1,0.1,0.1001,0.0362,0.048,0.1859,1,1,0.1,0.1268,0.0506,0.0511,0.2429,1,1,0.1,0.121,0.0483,0.0522,0.2347,1,1,0.1,0.1071,0.0398,0.0502,0.2005,1,1,1,1.0094,0.0498,0.9151,1.1098,1,1,1,0.9172,0.0422,0.838,1.0034,1,1,0.3,0.2625,0.0323,0.201,0.3277,1,1,0.3,0.2625,0.0323,0.201,0.3277,1,1
28,0,0.0508,0.0524,-0.0514,0.1537,1,0,1,1.0311,0.0525,0.9284,1.1344,1,1,1,0.8961,0.0734,0.7505,1.0384,1,1,1.5,1.4459,0.0925,1.2644,1.6283,1,1,0.3,0.2604,0.0609,0.1511,0.3831,1,1,0.2,0.3107,0.0523,0.2082,0.4132,0,1,-0.15,-0.2228,0.043,-0.3126,-0.1432,1,1,0,0.0543,0.0407,-0.0252,0.134,1,0,1,0.9537,0.0533,0.8461,1.0559,1,1,1,0.9251,0.0558,0.8135,1.033,1,1,1.5,1.4963,0.0601,1.3805,1.6164,1,1,2,1.9518,0.0712,1.8166,2.0952,1,1,0.1,0.0982,0.0337,0.0496,0.1773,1,1,0.1,0.1011,0.0375,0.0494,0.1925,1,1,0.1,0.1174,0.0487,0.0494,0.2302,1,1,0.1,0.1459,0.0565,0.0576,0.2601,1,1,1,0.9316,0.051,0.8368,1.0354,1,1,1,1.0324,0.0495,0.9399,1.1334,1,1,0.3,0.2806,0.0313,0.2196,0.3422,1,1,0.3,0.2806,0.0313,0.2196,0.3422,1,1
29,0,-0.014,0.0554,-0.1253,0.094,1,0,1,0.9034,0.0546,0.7967,1.0113,1,1,1,0.9859,0.0765,0.8365,1.1378,1,1,1.5,1.5692,0.1006,1.3724,1.7665,1,1,0.3,0.3686,0.0498,0.2715,0.463,1,1,0.2,0.1996,0.0504,0.1039,0.303,1,1,-0.15,-0.1669,0.0385,-0.2375,-0.0891,1,1,0,-0.0478,0.0366,-0.1217,0.0208,1,0,1,0.9821,0.0571,0.8693,1.0931,1,1,1,1.03,0.0501,0.9331,1.1292,1,1,1.5,1.5255,0.0626,1.4058,1.6518,1,1,2,2.1496,0.0749,2.0067,2.3008,0,1,0.1,0.1286,0.0511,0.0528,0.2442,1,1,0.1,0.0906,0.0324,0.0475,0.1717,1,1,0.1,0.1142,0.0436,0.0506,0.2177,1,1,0.1,0.0954,0.0339,0.0477,0.1802,1,1,1,1.0336,0.0461,0.9459,1.1254,1,1,1,0.9979,0.0459,0.9134,1.0931,1,1,0.3,0.2842,0.0302,0.2267,0.3451,1,1,0.3,0.2842,0.0302,0.2267,0.3451,1,1
30,0,-0.0351,0.059,-0.1496,0.079,1,0,1,1.058,0.0543,0.9517,1.1646,1,1,1,0.9526,0.0728,0.8093,1.0955,1,1,1.5,1.4579,0.0933,1.2745,1.6401,1,1,0.3,0.3135,0.0601,0.1892,0.4238,1,1,0.2,0.2592,0.0622,0.1295,0.3707,1,1,-0.15,-0.1354,0.0444,-0.2195,-0.046,1,1,0,-0.035,0.0409,-0.1157,0.0484,1,0,1,1.1067,0.0558,0.9975,1.2157,1,1,1,0.9898,0.0588,0.8749,1.1043,1,1,1.5,1.4581,0.0611,1.3416,1.5801,1,1,2,1.9684,0.0726,1.8301,2.1149,1,1,0.1,0.0969,0.036,0.0473,0.1856,1,1,0.1,0.1892,0.0685,0.0623,0.3125,1,1,0.1,0.0987,0.0359,0.0478,0.1842,1,1,0.1,0.1172,0.0482,0.05,0.2299,1,1,1,0.9813,0.0505,0.8831,1.081,1,1,1,1.0079,0.0498,0.9125,1.1063,1,1,0.3,0.2989,0.0322,0.2369,0.3631,1,1,0.3,0.2989,0.0322,0.2369,0.3631,1,1
31,0,-0.0196,0.0585,-0.1336,0.0945,1,0,1,0.9335,0.0517,0.8318,1.0348,1,1,1,1.0769,0.077,0.9265,1.2277,1,1,1.5,1.6675,0.0971,1.4771,1.8556,1,1,0.3,0.3284,0.055,0.2214,0.4354,1,1,0.2,0.1175,0.0495,0.0265,0.2177,1,1,-0.15,-0.13,0.0424,-0.2121,-0.0494,1,1,0,-0.0245,0.0374,-0.0998,0.0505,1,0,1,1.0746,0.057,0.9635,1.1871,1,1,1,0.9796,0.0457,0.8895,1.0705,1,1,1.5,1.554,0.0638,1.4317,1.6816,1,1,2,2.0901,0.0718,1.9551,2.2358,1,1,0.1,0.1297,0.0504,0.0563,0.2429,1,1,0.1,0.117,0.0443,0.0521,0.2198,1,1,0.1,0.1001,0.0352,0.0492,0.1866,1,1,0.1,0.0967,0.033,0.0494,0.1739,1,1,1,1.0509,0.0501,0.9552,1.1525,1,1,1,0.9408,0.041,0.8639,1.0254,1,1,0.3,0.3214,0.0318,0.2605,0.385,1,1,0.3,0.3214,0.0318,0.2605,0.385,1,1
32,0,0.0089,0.053,-0.0946,0.112,1,0,1,1.0487,0.0528,0.9446,1.1524,1,1,1,0.9976,0.0747,0.8511,1.1456,1,1,1.5,1.6681,0.0877,1.4959,1.8384,1,1,0.3,0.2549,0.051,0.1507,0.351,1,1,0.2,0.1797,0.0516,0.0779,0.2801,1,1,-0.15,-0.1621,0.0401,-0.2453,-0.0857,1,1,0,0.0265,0.0373,-0.0448,0.1009,1,0,1,0.9683,0.0508,0.8691,1.069,1,1,1,0.9929,0.0487,0.8973,1.0887,1,1,1.5,1.5209,0.0595,1.4077,1.6409,1,1,2,1.8503,0.0664,1.7244,1.9846,0,1,0.1,0.1325,0.0506,0.0569,0.2464,1,1,0.1,0.1372,0.0552,0.0542,0.254,1,1,0.1,0.1005,0.0357,0.0491,0.1854,1,1,0.1,0.1386,0.0521,0.0548,0.2499,1,1,1,0.9361,0.0435,0.8535,1.0236,1,1,1,0.9775,0.0433,0.8966,1.0653,1,1,0.3,0.3004,0.0291,0.2429,0.3574,1,1,0.3,0.3004,0.0291,0.2429,0.3574,1,1
33,0,-0.0648,0.0547,-0.1725,0.0419,1,0,1,1.014,0.0534,0.9087,1.1181,1,1,1,1.006,0.0721,0.8649,1.1476,1,1,1.5,1.6041,0.093,1.4198,1.7863,1,1,0.3,0.3596,0.053,0.2492,0.4631,1,1,0.2,0.1727,0.0488,0.0752,0.2764,1,1,-0.15,-0.1177,0.0409,-0.2012,-0.0438,1,1,0,-0.0178,0.0412,-0.1007,0.0585,1,0,1,0.9716,0.0564,0.86,1.0819,1,1,1,1.0118,0.047,0.9201,1.1044,1,1,1.5,1.4203,0.0605,1.3044,1.541,1,1,2,1.9997,0.0698,1.8671,2.1425,1,1,0.1,0.0984,0.0346,0.0472,0.1774,1,1,0.1,0.0944,0.034,0.0463,0.1757,1,1,0.1,0.1035,0.0367,0.0494,0.1874,1,1,0.1,0.1052,0.0379,0.0502,0.1949,1,1,1,1.0158,0.0473,0.926,1.1116,1,1,1,0.9338,0.0417,0.8548,1.0188,1,1,0.3,0.3032,0.0304,0.2441,0.3623,1,1,0.3,0.3032,0.0304,0.2441,0.3623,1,1
34,0,-0.0647,0.0553,-0.1734,0.0434,1,0,1,0.953,0.0524,0.8505,1.0554,1,1,1,0.89,0.0746,0.7456,1.037,1,1,1.5,1.5533,0.0969,1.364,1.7418,1,1,0.3,0.3354,0.0485,0.2386,0.4315,1,1,0.2,0.2126,0.0563,0.1065,0.3223,1,1,-0.15,-0.2069,0.0446,-0.3,-0.125,1,1,0,-0.0315,0.0355,-0.1008,0.0404,1,0,1,0.9956,0.0553,0.8869,1.1045,1,1,1,0.9664,0.0533,0.8603,1.0701,1,1,1.5,1.5102,0.0603,1.3949,1.6305,1,1,2,2.0596,0.0735,1.9196,2.2076,1,1,0.1,0.1639,0.0577,0.0626,0.2793,1,1,0.1,0.1375,0.0532,0.0561,0.2537,1,1,0.1,0.098,0.0357,0.0487,0.1864,1,1,0.1,0.1105,0.0406,0.0504,0.2065,1,1,1,0.9846,0.0436,0.9015,1.0721,1,1,1,1.0275,0.0492,0.9367,1.1286,1,1,0.3,0.3012,0.0317,0.2398,0.3638,1,1,0.3,0.3012,0.0317,0.2398,0.3638,1,1
35,0,0.1393,0.0563,0.0288,0.2502,0,1,1,1.0497,0.0556,0.941,1.159,1,1,1,1.0173,0.0745,0.8701,1.163,1,1,1.5,1.6292,0.0996,1.4328,1.8268,1,1,0.3,0.2128,0.0549,0.1001,0.3159,1,1,0.2,0.2434,0.0537,0.1371,0.3477,1,1,-0.15,-0.2033,0.042,-0.2848,-0.12,1,1,0,0.0632,0.0379,-0.0107,0.1365,1,0,1,1.0725,0.0519,0.9714,1.1749,1,1,1,1.0501,0.0528,0.9464,1.1529,1,1,1.5,1.5317,0.0595,1.4178,1.6506,1,1,2,2.1213,0.0745,1.9808,2.2727,1,1,0.1,0.1574,0.0596,0.0603,0.2792,1,1,0.1,0.1318,0.0538,0.0553,0.255,1,1,0.1,0.1003,0.0344,0.0474,0.179,1,1,0.1,0.0859,0.0269,0.0466,0.1492,1,1,1,0.9564,0.0443,0.8724,1.0456,1,1,1,1.0029,0.0463,0.9147,1.0957,1,1,0.3,0.3017,0.0314,0.242,0.3647,1,1,0.3,0.3017,0.0314,0.242,0.3647,1,1
36,0,-0.1267,0.0556,-0.2358,-0.0181,0,1,1,1.0148,0.0521,0.9126,1.1171,1,1,1,0.9958,0.0746,0.8502,1.1428,1,1,1.5,1.6691,0.0962,1.4818,1.8594,1,1,0.3,0.3384,0.0472,0.2402,0.4239,1,1,0.2,0.231,0.0514,0.1196,0.3292,1,1,-0.15,-0.0836,0.0427,-0.1671,-0.0028,1,1,0,0.0048,0.0373,-0.0703,0.0747,1,0,1,0.9879,0.0547,0.8822,1.0969,1,1,1,0.9459,0.0527,0.842,1.0491,1,1,1.5,1.4864,0.062,1.368,1.6105,1,1,2,2.03,0.0724,1.8926,2.1763,1,1,0.1,0.0877,0.0288,0.0455,0.155,1,1,0.1,0.1071,0.0403,0.0477,0.1985,1,1,0.1,0.1184,0.0452,0.0519,0.2218,1,1,0.1,0.0914,0.0325,0.0456,0.1695,1,1,1,1.0537,0.0465,0.9637,1.1457,1,1,1,1.0636,0.0491,0.9703,1.1623,1,1,0.3,0.3623,0.033,0.2986,0.428,1,1,0.3,0.3623,0.033,0.2986,0.428,1,1
37,0,-0.0115,0.0544,-0.1187,0.0951,1,0,1,0.9313,0.0564,0.8211,1.0422,1,1,1,1.1643,0.0789,1.0098,1.318,0,1,1.5,1.5609,0.0931,1.3776,1.7427,1,1,0.3,0.2976,0.0493,0.1982,0.3872,1,1,0.2,0.2517,0.0515,0.1531,0.3512,1,1,-0.15,-0.1446,0.0418,-0.2237,-0.0589,1,1,0,0.0049,0.0373,-0.0638,0.0801,1,0,1,0.9956,0.0535,0.891,1.1011,1,1,1,1.0445,0.0534,0.9389,1.1501,1,1,1.5,1.5983,0.063,1.4778,1.7257,1,1,2,1.9607,0.0712,1.8256,2.1024,1,1,0.1,0.1088,0.0424,0.049,0.2057,1,1,0.1,0.1259,0.0489,0.0504,0.2325,1,1,0.1,0.1222,0.0457,0.0526,0.2305,1,1,0.1,0.0918,0.0304,0.0471,0.1635,1,1,1,1.0088,0.0452,0.9215,1.0979,1,1,1,1.0605,0.0491,0.9684,1.1603,1,1,0.3,0.3355,0.0322,0.2743,0.4001,1,1,0.3,0.3355,0.0322,0.2743,0.4001,1,1
38,0,0.0635,0.0518,-0.0383,0.1653,1,0,1,0.9683,0.0521,0.8656,1.0702,1,1,1,0.9881,0.0742,0.8427,1.1325,1,1,1.5,1.5709,0.093,1.3881,1.7524,1,1,0.3,0.3059,0.0582,0.1937,0.4153,1,1,0.2,0.2874,0.0607,0.1672,0.4059,1,1,-0.15,-0.2257,0.046,-0.3179,-0.1362,1,1,0,0.008,0.0366,-0.0625,0.0787,1,0,1,0.921,0.0557,0.81,1.0289,1,1,1,0.9207,0.0589,0.8019,1.0328,1,1,1.5,1.492,0.0608,1.3754,1.614,1,1,2,1.9545,0.0728,1.8155,2.1005,1,1,0.1,0.1015,0.0342,0.0503,0.1811,1,1,0.1,0.1573,0.0617,0.0601,0.2839,1,1,0.1,0.1437,0.059,0.0587,0.2769,1,1,0.1,0.0929,0.0319,0.0462,0.1697,1,1,1,0.966,0.0482,0.8766,1.0622,1,1,1,1.0495,0.0514,0.9534,1.1533,1,1,0.3,0.2984,0.0305,0.2395,0.3587,1,1,0.3,0.2984,0.0305,0.2395,0.3587,1,1
39,0,-0.0873,0.059,-0.2031,0.0277,1,0,1,0.9384,0.0532,0.8337,1.0429,1,1,1,1.0378,0.0733,0.894,1.1822,1,1,1.5,1.5087,0.0924,1.3264,1.6895,1,1,0.3,0.2446,0.0559,0.1337,0.3476,1,1,0.2,0.1994,0.0565,0.0936,0.314,1,1,-0.15,-0.126,0.0464,-0.2169,-0.0365,1,1,0,0.0395,0.0415,-0.0413,0.1224,1,0,1,1.125,0.0533,1.0208,1.2304,0,1,1,0.9838,0.051,0.8834,1.0836,1,1,1.5,1.4994,0.0595,1.3849,1.6196,1,1,2,1.9601,0.0694,1.8282,2.1006,1,1,0.1,0.0998,0.0359,0.049,0.1855,1,1,0.1,0.0992,0.0366,0.0469,0.1861,1,1,0.1,0.1453,0.0542,0.0571,0.2629,1,1,0.1,0.1695,0.0586,0.0642,0.2812,1,1,1,0.9406,0.0472,0.85,1.035,1,1,1,1.0067,0.0499,0.913,1.1098,1,1,0.3,0.3345,0.0325,0.2722,0.3996,1,1,0.3,0.3345,0.0325,0.2722,0.3996,1,1
40,0,-0.011,0.0565,-0.122,0.1001,1,0,1,0.9914,0.0536,0.8851,1.0968,1,1,1,1.0899,0.0786,0.9352,1.2426,1,1,1.5,1.5265,0.0888,1.3523,1.7015,1,1,0.3,0.3545,0.0578,0.2196,0.4592,1,1,0.2,0.2363,0.0565,0.1233,0.3481,1,1,-0.15,-0.1635,0.0421,-0.2517,-0.0853,1,1,0,-0.054,0.0401,-0.1305,0.0294,1,0,1,1.0048,0.0593,0.8891,1.1222,1,1,1,0.9803,0.0532,0.875,1.083,1,1,1.5,1.5692,0.0647,1.446,1.7001,1,1,2,1.8806,0.0688,1.7487,2.0202,1,1,0.1,0.0924,0.0325,0.0472,0.1709,1,1,0.1,0.1312,0.0543,0.0552,0.2562,1,1,0.1,0.0956,0.0316,0.0498,0.1731,1,1,0.1,0.1103,0.0451,0.049,0.2258,1,1,1,1.0663,0.0517,0.9637,1.167,1,1,1,0.9966,0.0467,0.908,1.0911,1,1,0.3,0.2809,0.0315,0.22,0.3436,1,1,0.3,0.2809,0.0315,0.22,0.3436,1,1
41,0,0.0061,0.0533,-0.098,0.1105,1,0,1,1.0537,0.0532,0.9487,1.1571,1,1,1,0.9321,0.0752,0.7831,1.0791,1,1,1.5,1.3817,0.0942,1.1966,1.5652,1,1,0.3,0.3214,0.0571,0.2105,0.4315,1,1,0.2,0.1795,0.0516,0.0801,0.2815,1,1,-0.15,-0.1931,0.0424,-0.2746,-0.1124,1,1,0,-0.0625,0.04,-0.1405,0.0141,1,0,1,0.9586,0.056,0.8471,1.0662,1,1,1,1.0022,0.0498,0.904,1.1003,1,1,1.5,1.5204,0.0618,1.4011,1.6435,1,1,2,2.004,0.0707,1.8708,2.1475,1,1,0.1,0.0994,0.0355,0.0484,0.1807,1,1,0.1,0.0935,0.0335,0.0464,0.175,1,1,0.1,0.1192,0.0499,0.0504,0.2394,1,1,0.1,0.0978,0.0351,0.0491,0.1843,1,1,1,0.9538,0.0475,0.8654,1.0517,1,1,1,0.972,0.0454,0.8879,1.066,1,1,0.3,0.2266,0.0304,0.1686,0.2871,0,1,0.3,0.2266,0.0304,0.1686,0.2871,0,1
42,0,-0.0595,0.0574,-0.1713,0.0529,1,0,1,0.9714,0.0534,0.8681,1.0763,1,1,1,0.8732,0.074,0.7276,1.0185,1,1,1.5,1.5382,0.0962,1.35,1.7272,1,1,0.3,0.2653,0.0542,0.1669,0.3767,1,1,0.2,0.2647,0.0581,0.1561,0.3817,1,1,-0.15,-0.1636,0.0457,-0.2531,-0.0758,1,1,0,-0.0478,0.0395,-0.1249,0.0278,1,0,1,1.078,0.0532,0.9733,1.1833,1,1,1,0.9606,0.0562,0.8471,1.0677,1,1,1.5,1.5055,0.0609,1.3888,1.6281,1,1,2,2.0401,0.0742,1.8983,2.1906,1,1,0.1,0.0911,0.0303,0.0451,0.163,1,1,0.1,0.0905,0.0301,0.0472,0.163,1,1,0.1,0.1076,0.0389,0.0493,0.1958,1,1,0.1,0.1053,0.0386,0.0492,0.1929,1,1,1,0.9835,0.0478,0.8956,1.0823,1,1,1,1.0494,0.0526,0.9518,1.1571,1,1,0.3,0.2472,0.0325,0.1854,0.3122,1,1,0.3,0.2472,0.0325,0.1854,0.3122,1,1
43,0,0.0048,0.0545,-0.1025,0.112,1,0,1,1.0143,0.0515,0.9136,1.1149,1,1,1,1.0365,0.0725,0.894,1.1787,1,1,1.5,1.6979,0.0926,1.5158,1.8796,0,1,0.3,0.2578,0.0588,0.1491,0.3736,1,1,0.2,0.1819,0.0519,0.0745,0.2811,1,1,-0.15,-0.1671,0.0443,-0.2478,-0.078,1,1,0,-0.0033,0.0413,-0.0967,0.0745,1,0,1,1.0089,0.0551,0.8982,1.1144,1,1,1,0.9578,0.0496,0.8604,1.054,1,1,1.5,1.4935,0.0604,1.3767,1.6141,1,1,2,1.9608,0.0701,1.8273,2.1027,1,1,0.1,0.1215,0.0452,0.0555,0.2259,1,1,0.1,0.1023,0.0379,0.0497,0.1942,1,1,0.1,0.1067,0.0418,0.0496,0.2062,1,1,0.1,0.1038,0.0369,0.0479,0.1886,1,1,1,0.9478,0.0485,0.8585,1.0481,1,1,1,0.9758,0.0464,0.8894,1.0713,1,1,0.3,0.2408,0.0315,0.1807,0.3045,1,1,0.3,0.2408,0.0315,0.1807,0.3045,1,1
44,0,-0.0717,0.0524,-0.175,0.0308,1,0,1,0.9767,0.0524,0.8735,1.0795,1,1,1,1.0286,0.0769,0.878,1.1797,1,1,1.5,1.6531,0.0939,1.467,1.8351,1,1,0.3,0.2437,0.0614,0.1258,0.3674,1,1,0.2,0.1713,0.0536,0.0715,0.2814,1,1,-0.15,-0.1253,0.0459,-0.2099,-0.0303,1,1,0,0.0237,0.0415,-0.0595,0.1036,1,0,1,0.9611,0.0534,0.855,1.0644,1,1,1,0.9843,0.05,0.8851,1.0817,1,1,1.5,1.5778,0.0618,1.4595,1.7006,1,1,2,2.0066,0.071,1.8731,2.1504,1,1,0.1,0.1072,0.0389,0.0499,0.1983,1,1,0.1,0.1097,0.0434,0.0497,0.2127,1,1,0.1,0.1053,0.036,0.0524,0.1895,1,1,0.1,0.1036,0.0369,0.0497,0.1894,1,1,1,0.9458,0.0489,0.8545,1.0484,1,1,1,0.9715,0.0448,0.8886,1.063,1,1,0.3,0.3081,0.0313,0.2486,0.3704,1,1,0.3,0.3081,0.0313,0.2486,0.3704,1,1
45,0,0.0223,0.0552,-0.0857,0.1306,1,0,1,0.9761,0.0536,0.8717,1.0815,1,1,1,1.0937,0.0754,0.9457,1.2419,1,1,1.5,1.4245,0.0973,1.2342,1.6163,1,1,0.3,0.3134,0.059,0.2,0.4241,1,1,0.2,0.2278,0.0497,0.136,0.3289,1,1,-0.15,-0.1973,0.0408,-0.2781,-0.1165,1,1,0,-0.0612,0.0395,-0.1387,0.0124,1,0,1,0.9834,0.0591,0.8656,1.0964,1,1,1,1.0006,0.0509,0.9009,1.1005,1,1,1.5,1.5133,0.063,1.3933,1.6379,1,1,2,2.0735,0.0737,1.9319,2.2216,1,1,0.1,0.1172,0.0456,0.0515,0.2248,1,1,0.1,0.1014,0.037,0.0483,0.189,1,1,0.1,0.1247,0.0477,0.0585,0.2394,1,1,0.1,0.0964,0.0311,0.0503,0.1677,1,1,1,1.0423,0.0532,0.9416,1.1486,1,1,1,0.9934,0.0471,0.9059,1.0902,1,1,0.3,0.2642,0.0323,0.2019,0.3289,1,1,0.3,0.2642,0.0323,0.2019,0.3289,1,1
46,0,0.0452,0.0511,-0.056,0.1444,1,0,1,1.1037,0.0513,1.0032,1.2034,0,1,1,0.8954,0.0783,0.7414,1.0502,1,1,1.5,1.4373,0.0948,1.2501,1.6233,1,1,0.3,0.18,0.0564,0.076,0.2994,0,1,0.2,0.2071,0.0616,0.0893,0.3312,1,1,-0.15,-0.1349,0.0454,-0.226,-0.0479,1,1,0,0.0088,0.0383,-0.0675,0.0832,1,0,1,0.9477,0.0492,0.8501,1.0436,1,1,1,0.9404,0.054,0.8323,1.0442,1,1,1.5,1.6217,0.0606,1.5065,1.7435,0,1,2,2.0228,0.0731,1.884,2.1699,1,1,0.1,0.0987,0.0355,0.0479,0.1858,1,1,0.1,0.119,0.0492,0.0512,0.2383,1,1,0.1,0.1217,0.049,0.0524,0.236,1,1,0.1,0.1035,0.0393,0.0485,0.1931,1,1,1,0.9109,0.045,0.8293,1.0048,1,1,1,1.009,0.0516,0.9137,1.1166,1,1,0.3,0.2885,0.0302,0.2293,0.3478,1,1,0.3,0.2885,0.0302,0.2293,0.3478,1,1
47,0,-0.1105,0.0554,-0.2196,-0.0018,0,1,1,0.9671,0.0514,0.8662,1.0679,1,1,1,1.0065,0.0717,0.8669,1.1473,1,1,1.5,1.3899,0.0944,1.2057,1.5759,1,1,0.3,0.3107,0.049,0.218,0.4055,1,1,0.2,0.1765,0.0566,0.0679,0.2902,1,1,-0.15,-0.1551,0.0432,-0.2394,-0.0676,1,1,0,0.0458,0.0393,-0.0262,0.1272,1,0,1,0.9871,0.0555,0.878,1.0943,1,1,1,0.9547,0.0506,0.8544,1.0531,1,1,1.5,1.4241,0.0599,1.3084,1.5447,1,1,2,2.0072,0.0713,1.8727,2.1509,1,1,0.1,0.0919,0.0313,0.0473,0.169,1,1,0.1,0.1288,0.055,0.0543,0.2614,1,1,0.1,0.1708,0.0639,0.0651,0.3016,1,1,0.1,0.1232,0.0462,0.0539,0.2241,1,1,1,1.0557,0.048,0.966,1.1544,1,1,1,0.979,0.0496,0.8859,1.079,1,1,0.3,0.3127,0.0322,0.2508,0.3778,1,1,0.3,0.3127,0.0322,0.2508,0.3778,1,1
48,0,0.0109,0.0545,-0.0964,0.1172,1,0,1,0.9935,0.0535,0.8879,1.0971,1,1,1,1.0073,0.0749,0.8593,1.1538,1,1,1.5,1.6712,0.0995,1.476,1.8675,1,1,0.3,0.4063,0.047,0.3139,0.4983,0,1,0.2,0.0937,0.0553,-0.0067,0.2081,1,0,-0.15,-0.1781,0.0423,-0.2591,-0.0947,1,1,0,-0.071,0.04,-0.1469,0.0127,1,0,1,0.9422,0.0584,0.8266,1.0555,1,1,1,1.034,0.0482,0.9395,1.1289,1,1,1.5,1.4787,0.0634,1.3582,1.606,1,1,2,2.1289,0.0725,1.9914,2.275,1,1,0.1,0.1,0.0373,0.0492,0.1915,1,1,0.1,0.1183,0.0467,0.0515,0.2222,1,1,0.1,0.1036,0.0396,0.0483,0.1991,1,1,0.1,0.1257,0.0492,0.0542,0.2367,1,1,1,1.0628,0.0482,0.9704,1.1587,1,1,1,0.931,0.0453,0.8491,1.0258,1,1,0.3,0.2879,0.0322,0.2259,0.3526,1,1,0.3,0.2879,0.0322,0.2259,0.3526,1,1
49,0,0.0384,0.0559,-0.0709,0.1486,1,0,1,0.9632,0.0539,0.8575,1.0691,1,1,1,0.9975,0.0766,0.8472,1.1478,1,1,1.5,1.4792,0.0982,1.2872,1.6711,1,1,0.3,0.2184,0.0536,0.1122,0.3164,1,1,0.2,0.2026,0.0621,0.0784,0.3223,1,1,-0.15,-0.187,0.0445,-0.2764,-0.1047,1,1,0,-0.0117,0.0371,-0.0841,0.0594,1,0,1,1.0718,0.0507,0.9721,1.1718,1,1,1,1.0166,0.0523,0.9127,1.1183,1,1,1.5,1.5751,0.0595,1.4614,1.6946,1,1,2,2.1019,0.0739,1.9614,2.2517,1,1,0.1,0.0975,0.034,0.0484,0.1792,1,1,0.1,0.1353,0.0548,0.0566,0.2616,1,1,0.1,0.1198,0.0511,0.0481,0.2417,1,1,0.1,0.1275,0.0486,0.0556,0.2397,1,1,1,0.9083,0.0436,0.8261,0.9968,0,1,1,0.9406,0.0468,0.8522,1.0352,1,1,0.3,0.2584,0.0288,0.2022,0.3154,1,1,0.3,0.2584,0.0288,0.2022,0.3154,1,1
50,0,0.0224,0.053,-0.0817,0.1263,1,0,1,0.9376,0.0554,0.8289,1.0459,1,1,1,1.0548,0.0758,0.906,1.2036,1,1,1.5,1.5024,0.093,1.3192,1.6854,1,1,0.3,0.324,0.0522,0.2239,0.4288,1,1,0.2,0.1144,0.0561,0.0085,0.2276,1,1,-0.15,-0.1144,0.0468,-0.2067,-0.0235,1,1,0,0.019,0.0415,-0.059,0.101,1,0,1,0.9305,0.0562,0.819,1.0397,1,1,1,1.0885,0.0494,0.9928,1.187,1,1,1.5,1.5276,0.0618,1.4092,1.6506,1,1,2,1.9864,0.0696,1.8548,2.1275,1,1,0.1,0.1083,0.0417,0.0502,0.2075,1,1,0.1,0.128,0.0456,0.0595,0.2306,1,1,0.1,0.1047,0.0416,0.0481,0.2087,1,1,0.1,0.0987,0.0345,0.0478,0.1791,1,1,1,1.0324,0.047,0.9433,1.1284,1,1,1,0.9422,0.0437,0.8608,1.0313,1,1,0.3,0.318,0.0323,0.2561,0.3827,1,1,0.3,0.318,0.0323,0.2561,0.3827,1,1
51,0,0.0176,0.0564,-0.0924,0.1286,1,0,1,1.0326,0.0494,0.9371,1.1297,1,1,1,0.948,0.0773,0.7959,1.0998,1,1,1.5,1.4404,0.097,1.2497,1.6295,1,1,0.3,0.2839,0.0591,0.181,0.4021,1,1,0.2,0.1769,0.0561,0.0731,0.2942,1,1,-0.15,-0.1593,0.0441,-0.2469,-0.0728,1,1,0,-0.0268,0.0419,-0.1092,0.058,1,0,1,1.0556,0.0554,0.9448,1.1632,1,1,1,0.9004,0.0506,0.7996,0.9995,0,1,1.5,1.5897,0.0625,1.4702,1.7148,1,1,2,2.0729,0.0734,1.9332,2.2221,1,1,0.1,0.1,0.0356,0.0486,0.1842,1,1,0.1,0.0864,0.0295,0.0449,0.1591,1,1,0.1,0.1413,0.0558,0.0531,0.2563,1,1,0.1,0.0962,0.0347,0.0474,0.1796,1,1,1,0.9867,0.0489,0.8989,1.0881,1,1,1,0.999,0.0502,0.9064,1.1041,1,1,0.3,0.3294,0.0318,0.2686,0.3938,1,1,0.3,0.3294,0.0318,0.2686,0.3938,1,1
52,0,0.0444,0.0548,-0.0634,0.152,1,0,1,0.9971,0.0534,0.8921,1.102,1,1,1,0.9666,0.0767,0.8153,1.1168,1,1,1.5,1.4296,0.0939,1.2454,1.6111,1,1,0.3,0.2685,0.0522,0.1715,0.3752,1,1,0.2,0.1939,0.0505,0.0989,0.2958,1,1,-0.15,-0.177,0.0439,-0.2637,-0.0922,1,1,0,0.0214,0.0391,-0.0636,0.0928,1,0,1,1.0238,0.0518,0.9207,1.1249,1,1,1,1.0101,0.0511,0.909,1.1099,1,1,1.5,1.5844,0.0612,1.4675,1.7079,1,1,2,1.9909,0.0702,1.8574,2.1333,1,1,0.1,0.1247,0.0483,0.054,0.2317,1,1,0.1,0.1211,0.049,0.0497,0.2355,1,1,0.1,0.1355,0.0568,0.0575,0.2684,1,1,0.1,0.0889,0.0294,0.0456,0.1586,1,1,1,0.9113,0.0429,0.8312,0.9999,0,1,1,0.9696,0.0456,0.8836,1.0624,1,1,0.3,0.2569,0.0302,0.1974,0.3165,1,1,0.3,0.2569,0.0302,0.1974,0.3165,1,1
53,0,0.0445,0.0559,-0.0644,0.1544,1,0,1,1.0134,0.0547,0.9056,1.1198,1,1,1,0.965,0.0758,0.818,1.115,1,1,1.5,1.4785,0.0869,1.3084,1.6504,1,1,0.3,0.3413,0.055,0.2363,0.4468,1,1,0.2,0.235,0.0503,0.1352,0.33,1,1,-0.15,-0.1603,0.0462,-0.2557,-0.0664,1,1,0,0.0049,0.0375,-0.0699,0.0761,1,0,1,1.0206,0.0563,0.9096,1.1304,1,1,1,1.0155,0.0512,0.9157,1.1172,1,1,1.5,1.5297,0.0623,1.4091,1.6533,1,1,2,1.8298,0.067,1.7008,1.9647,0,1,0.1,0.1783,0.0619,0.0719,0.298,1,1,0.1,0.0882,0.0297,0.0464,0.1611,1,1,0.1,0.1067,0.0407,0.0477,0.2006,1,1,0.1,0.1231,0.0452,0.0554,0.2234,1,1,1,0.9439,0.047,0.8562,1.0401,1,1,1,1.0104,0.0465,0.9227,1.1043,1,1,0.3,0.2834,0.0318,0.2201,0.3444,1,1,0.3,0.2834,0.0318,0.2201,0.3444,1,1
54,0,-0.0151,0.0543,-0.1216,0.0909,1,0,1,0.9393,0.0554,0.8307,1.0481,1,1,1,0.9928,0.0763,0.8435,1.1428,1,1,1.5,1.6324,0.0942,1.4484,1.8177,1,1,0.3,0.3009,0.0547,0.1871,0.4013,1,1,0.2,0.1523,0.0586,0.043,0.2729,1,1,-0.15,-0.1031,0.0427,-0.1861,-0.0187,1,1,0,-0.0379,0.0418,-0.1181,0.0418,1,0,1,0.9935,0.0553,0.8858,1.1019,1,1,1,1.0804,0.0502,0.9807,1.1792,1,1,1.5,1.5456,0.0619,1.4284,1.6704,1,1,2,2.0032,0.0703,1.8691,2.1446,1,1,0.1,0.1048,0.0372,0.0506,0.1917,1,1,0.1,0.1023,0.0357,0.051,0.1904,1,1,0.1,0.1105,0.0444,0.048,0.2172,1,1,0.1,0.1001,0.0371,0.0483,0.1926,1,1,1,1.0025,0.0472,0.9125,1.0973,1,1,1,0.9225,0.0466,0.8385,1.0197,1,1,0.3,0.2647,0.0311,0.2047,0.3262,1,1,0.3,0.2647,0.0311,0.2047,0.3262,1,1
55,0,-0.0418,0.0562,-0.1523,0.0684,1,0,1,0.898,0.0529,0.7945,1.0013,1,1,1,0.8544,0.0746,0.7095,1.001,1,1,1.5,1.5025,0.0927,1.3211,1.685,1,1,0.3,0.2901,0.0558,0.1864,0.4012,1,1,0.2,0.2134,0.0509,0.1113,0.3212,1,1,-0.15,-0.1551,0.0429,-0.2396,-0.073,1,1,0,-0.0105,0.0382,-0.0853,0.0632,1,0,1,1.0423,0.0545,0.9334,1.1485,1,1,1,0.9861,0.0516,0.8838,1.0865,1,1,1.5,1.5125,0.0614,1.3943,1.6358,1,1,2,1.9691,0.0708,1.8358,2.1137,1,1,0.1,0.121,0.0485,0.0525,0.2305,1,1,0.1,0.1112,0.0388,0.0524,0.2007,1,1,0.1,0.1095,0.0408,0.0516,0.2066,1,1,0.1,0.1076,0.0415,0.0501,0.2083,1,1,1,0.9827,0.0484,0.8927,1.0824,1,1,1,1.0042,0.046,0.9182,1.0989,1,1,0.3,0.2749,0.0316,0.2142,0.3384,1,1,0.3,0.2749,0.0316,0.2142,0.3384,1,1
56,0,0.0124,0.0529,-0.0913,0.117,1,0,1,1.0178,0.0535,0.912,1.1216,1,1,1,1.1052,0.0721,0.964,1.2465,1,1,1.5,1.5228,0.0933,1.3412,1.7056,1,1,0.3,0.351,0.0524,0.2444,0.4467,1,1,0.2,0.2269,0.053,0.1217,0.3285,1,1,-0.15,-0.1179,0.0396,-0.1938,-0.0393,1,1,0,-0.0464,0.0386,-0.121,0.0305,1,0,1,0.9181,0.0565,0.8073,1.0289,1,1,1,0.9744,0.0534,0.8696,1.0789,1,1,1.5,1.4169,0.0612,1.3008,1.5398,1,1,2,1.9509,0.0713,1.8158,2.0941,1,1,0.1,0.1367,0.051,0.0535,0.2476,1,1,0.1,0.1125,0.0427,0.0515,0.2131,1,1,0.1,0.1116,0.0418,0.053,0.2088,1,1,0.1,0.1103,0.043,0.0523,0.2136,1,1,1,1.0217,0.0476,0.929,1.1162,1,1,1,1.0491,0.0498,0.9568,1.1506,1,1,0.3,0.308,0.0313,0.2472,0.3694,1,1,0.3,0.308,0.0313,0.2472,0.3694,1,1
57,0,0.0287,0.0541,-0.078,0.1342,1,0,1,1.0175,0.0529,0.9135,1.1206,1,1,1,0.997,0.0758,0.8488,1.1459,1,1,1.5,1.2644,0.094,1.08,1.4481,0,1,0.3,0.2803,0.0565,0.1773,0.3956,1,1,0.2,0.2542,0.0586,0.1455,0.3701,1,1,-0.15,-0.1158,0.0417,-0.198,-0.0313,1,1,0,0.0297,0.0423,-0.0551,0.1115,1,0,1,0.9665,0.0575,0.8499,1.0763,1,1,1,0.9483,0.0567,0.8353,1.058,1,1,1.5,1.5219,0.0625,1.4022,1.6467,1,1,2,1.9689,0.0723,1.832,2.1147,1,1,0.1,0.0949,0.0338,0.0478,0.1765,1,1,0.1,0.1291,0.0504,0.0549,0.2468,1,1,0.1,0.1107,0.0438,0.0482,0.2154,1,1,0.1,0.1083,0.0418,0.0502,0.2071,1,1,1,1.0373,0.0518,0.9415,1.1445,1,1,1,1.0559,0.0526,0.9589,1.1628,1,1,0.3,0.3152,0.0337,0.2497,0.3815,1,1,0.3,0.3152,0.0337,0.2497,0.3815,1,1
58,0,-0.0276,0.0558,-0.1366,0.0811,1,0,1,1.0168,0.0537,0.9105,1.1212,1,1,1,0.9494,0.0757,0.8004,1.098,1,1,1.5,1.4491,0.0911,1.2681,1.628,1,1,0.3,0.3423,0.0632,0.2258,0.4728,1,1,0.2,0.1736,0.0513,0.0702,0.2779,1,1,-0.15,-0.1442,0.042,-0.229,-0.0613,1,1,0,-0.0461,0.042,-0.1303,0.0366,1,0,1,1.0089,0.0591,0.8892,1.1212,1,1,1,1.0251,0.0476,0.9326,1.1191,1,1,1.5,1.5345,0.0625,1.4142,1.6594,1,1,2,1.9486,0.069,1.8184,2.0894,1,1,0.1,0.0928,0.0328,0.0485,0.1741,1,1,0.1,0.0887,0.0269,0.047,0.1516,1,1,0.1,0.0883,0.03,0.0451,0.161,1,1,0.1,0.0992,0.0326,0.0491,0.1737,1,1,1,0.9775,0.05,0.8859,1.0825,1,1,1,0.9452,0.0419,0.8665,1.0309,1,1,0.3,0.2949,0.0298,0.2367,0.3544,1,1,0.3,0.2949,0.0298,0.2367,0.3544,1,1
59,0,0.0751,0.0553,-0.0337,0.1826,1,0,1,1.0766,0.0518,0.9757,1.178,1,1,1,0.9416,0.0746,0.7946,1.0859,1,1,1.5,1.5339,0.0919,1.3561,1.7156,1,1,0.3,0.3482,0.0588,0.2301,0.4652,1,1,0.2,0.2124,0.0545,0.1071,0.3247,1,1,-0.15,-0.1157,0.0433,-0.2013,-0.0337,1,1,0,-0.0642,0.0412,-0.1471,0.0168,1,0,1,0.9847,0.0596,0.8677,1.1015,1,1,1,0.9549,0.052,0.8522,1.0568,1,1,1.5,1.4806,0.0633,1.358,1.6057,1,1,2,1.9438,0.0701,1.8118,2.0866,1,1,0.1,0.0991,0.0346,0.0489,0.1809,1,1,0.1,0.1535,0.0583,0.0586,0.2709,1,1,0.1,0.1091,0.0446,0.0488,0.2166,1,1,0.1,0.1056,0.0395,0.0493,0.2044,1,1,1,1.0247,0.0526,0.9247,1.1297,1,1,1,0.984,0.0462,0.8991,1.0812,1,1,0.3,0.2867,0.0322,0.2243,0.3498,1,1,0.3,0.2867,0.0322,0.2243,0.3498,1,1
60,0,0.0466,0.0561,-0.064,0.1558,1,0,1,0.9565,0.0555,0.8473,1.0652,1,1,1,1.0676,0.0744,0.9206,1.2142,1,1,1.5,1.4682,0.0999,1.273,1.6634,1,1,0.3,0.2645,0.0565,0.1559,0.3714,1,1,0.2,0.1619,0.0564,0.0516,0.2665,1,1,-0.15,-0.1602,0.0463,-0.2488,-0.0702,1,1,0,-0.0335,0.0417,-0.113,0.0503,1,0,1,1.0406,0.0547,0.9325,1.1475,1,1,1,1.0677,0.0504,0.9688,1.1668,1,1,1.5,1.5158,0.0607,1.4,1.6372,1,1,2,2.1203,0.0735,1.9811,2.2707,1,1,0.1,0.1277,0.0492,0.0558,0.2436,1,1,0.1,0.1079,0.0401,0.051,0.202,1,1,0.1,0.1041,0.0385,0.0507,0.1943,1,1,0.1,0.1495,0.0599,0.0609,0.2821,1,1,1,0.9738,0.0499,0.8812,1.0763,1,1,1,0.9958,0.0474,0.9081,1.092,1,1,0.3,0.3249,0.0329,0.2625,0.3914,1,1,0.3,0.3249,0.0329,0.2625,0.3914,1,1
61,0,0.001,0.0554,-0.1081,0.1105,1,0,1,0.9284,0.054,0.8218,1.0337,1,1,1,0.8725,0.0746,0.7269,1.0206,1,1,1.5,1.4677,0.0978,1.277,1.6583,1,1,0.3,0.3647,0.055,0.2564,0.4691,1,1,0.2,0.1674,0.0521,0.0666,0.2719,1,1,-0.15,-0.1525,0.0441,-0.2391,-0.0665,1,1,0,0.0055,0.044,-0.0797,0.089,1,0,1,0.9725,0.0576,0.8586,1.0852,1,1,1,1.0408,0.048,0.9476,1.1368,1,1,1.5,1.4685,0.0628,1.3473,1.5954,1,1,2,2.0807,0.0721,1.9437,2.2256,1,1,0.1,0.1276,0.0479,0.0543,0.2309,1,1,0.1,0.1232,0.0466,0.0552,0.2317,1,1,0.1,0.1182,0.0432,0.0528,0.2184,1,1,0.1,0.1154,0.0462,0.0501,0.2229,1,1,1,1.0579,0.0487,0.965,1.1561,1,1,1,0.933,0.0411,0.8564,1.0181,1,1,0.3,0.3523,0.0317,0.2907,0.4148,1,1,0.3,0.3523,0.0317,0.2907,0.4148,1,1
62,0,-0.0032,0.0559,-0.113,0.1053,1,0,1,0.967,0.0516,0.8665,1.0681,1,1,1,0.9035,0.0755,0.7548,1.0511,1,1,1.5,1.6692,0.0961,1.4837,1.8603,1,1,0.3,0.3088,0.0504,0.2157,0.4129,1,1,0.2,0.2344,0.0497,0.1377,0.3369,1,1,-0.15,-0.2071,0.0404,-0.286,-0.1205,1,1,0,-0.044,0.038,-0.1147,0.0312,1,0,1,1.0128,0.0546,0.9044,1.1197,1,1,1,0.9367,0.0507,0.8368,1.035,1,1,1.5,1.532,0.0618,1.4135,1.6558,1,1,2,2.0353,0.072,1.899,2.1802,1,1,0.1,0.1055,0.0401,0.0493,0.2013,1,1,0.1,0.0857,0.0268,0.0451,0.1468,1,1,0.1,0.0992,0.0356,0.0509,0.1884,1,1,0.1,0.0958,0.0331,0.0471,0.1753,1,1,1,1.0314,0.0472,0.9427,1.1283,1,1,1,1.0051,0.0459,0.919,1.0986,1,1,0.3,0.2793,0.0312,0.2206,0.343,1,1,0.3,0.2793,0.0312,0.2206,0.343,1,1
63,0,-0.0723,0.0553,-0.1821,0.0354,1,0,1,0.9794,0.0508,0.8795,1.079,1,1,1,0.9264,0.0718,0.7855,1.0665,1,1,1.5,1.5168,0.0892,1.3422,1.6909,1,1,0.3,0.2702,0.0526,0.1697,0.3699,1,1,0.2,0.2378,0.0479,0.1423,0.3333,1,1,-0.15,-0.2221,0.0415,-0.3035,-0.1397,1,1,0,-0.0344,0.0347,-0.1006,0.0336,1,0,1,1.0129,0.0526,0.9105,1.1168,1,1,1,0.9069,0.051,0.8072,1.0079,1,1,1.5,1.4564,0.0588,1.3425,1.5742,1,1,2,1.8665,0.0682,1.7373,2.0025,1,1,0.1,0.1136,0.0406,0.0515,0.2062,1,1,0.1,0.1025,0.038,0.0509,0.1995,1,1,0.1,0.1447,0.061,0.0555,0.2751,1,1,0.1,0.0994,0.0364,0.047,0.1845,1,1,1,0.9736,0.0452,0.8882,1.0648,1,1,1,1.0396,0.0476,0.9496,1.1364,1,1,0.3,0.2727,0.0305,0.2145,0.3344,1,1,0.3,0.2727,0.0305,0.2145,0.3344,1,1
64,0,0.0411,0.0549,-0.0669,0.1486,1,0,1,1.024,0.0562,0.9145,1.1348,1,1,1,1.0606,0.0722,0.919,1.2026,1,1,1.5,1.4742,0.0891,1.2977,1.6491,1,1,0.3,0.3254,0.0541,0.219,0.4245,1,1,0.2,0.173,0.0471,0.0823,0.2647,1,1,-0.15,-0.1637,0.045,-0.2541,-0.0754,1,1,0,-0.0255,0.0396,-0.104,0.0508,1,0,1,1.0012,0.0548,0.8944,1.1095,1,1,1,1.0909,0.0491,0.9969,1.1886,1,1,1.5,1.4582,0.0594,1.3449,1.5769,1,1,2,1.8891,0.0673,1.7612,2.0258,1,1,0.1,0.1151,0.0464,0.0495,0.2253,1,1,0.1,0.0964,0.0358,0.0456,0.1829,1,1,0.1,0.0931,0.0313,0.0476,0.1681,1,1,0.1,0.1096,0.0421,0.0517,0.2154,1,1,1,0.9567,0.0467,0.8676,1.049,1,1,1,0.9777,0.0427,0.8973,1.0638,1,1,0.3,0.2792,0.0318,0.2186,0.3437,1,1,0.3,0.2792,0.0318,0.2186,0.3437,1,1
65,0,0.0082,0.052,-0.0934,0.1112,1,0,1,0.98,0.0553,0.872,1.0877,1,1,1,1.0671,0.0755,0.9179,1.2137,1,1,1.5,1.3404,0.0918,1.1618,1.5204,1,1,0.3,0.3026,0.0568,0.1831,0.4012,1,1,0.2,0.2277,0.0556,0.121,0.3373,1,1,-0.15,-0.1722,0.0413,-0.251,-0.0929,1,1,0,-0.0164,0.0437,-0.0998,0.0731,1,0,1,0.919,0.0557,0.809,1.0273,1,1,1,1.0549,0.0517,0.9538,1.156,1,1,1.5,1.519,0.0616,1.4012,1.642,1,1,2,1.9459,0.0696,1.8148,2.088,1,1,0.1,0.086,0.0274,0.046,0.1514,1,1,0.1,0.1014,0.0355,0.0489,0.1814,1,1,0.1,0.0925,0.0313,0.0462,0.166,1,1,0.1,0.1802,0.064,0.0699,0.3041,1,1,1,1.0292,0.0514,0.926,1.1289,1,1,1,0.9587,0.0456,0.8742,1.0532,1,1,0.3,0.2914,0.0309,0.2329,0.3537,1,1,0.3,0.2914,0.0309,0.2329,0.3537,1,1
66,0,-0.0972,0.0537,-0.2011,0.0086,1,0,1,0.8843,0.0524,0.7815,0.9867,0,1,1,0.9089,0.0709,0.77,1.0487,1,1,1.5,1.4908,0.0902,1.3151,1.6684,1,1,0.3,0.2963,0.058,0.189,0.413,1,1,0.2,0.1981,0.0599,0.0885,0.3218,1,1,-0.15,-0.16,0.0444,-0.2452,-0.071,1,1,0,-0.0135,0.0405,-0.0951,0.062,1,0,1,0.9743,0.0546,0.8645,1.0788,1,1,1,0.9848,0.0507,0.8837,1.0831,1,1,1.5,1.414,0.0594,1.2989,1.5321,1,1,2,1.914,0.0689,1.7841,2.0536,1,1,0.1,0.099,0.0363,0.0468,0.1873,1,1,0.1,0.0924,0.034,0.0468,0.1771,1,1,0.1,0.1159,0.044,0.0515,0.2171,1,1,0.1,0.1045,0.0375,0.0509,0.1906,1,1,1,0.9816,0.0488,0.8914,1.0805,1,1,1,0.9692,0.0493,0.8789,1.0728,1,1,0.3,0.2945,0.0317,0.2336,0.3577,1,1,0.3,0.2945,0.0317,0.2336,0.3577,1,1
67,0,0.0444,0.0555,-0.0644,0.1539,1,0,1,1.0359,0.0523,0.934,1.1382,1,1,1,0.8356,0.0707,0.6976,0.9742,0,1,1.5,1.5681,0.0897,1.3919,1.7425,1,1,0.3,0.2583,0.0513,0.1583,0.3507,1,1,0.2,0.2436,0.0478,0.158,0.3465,1,1,-0.15,-0.1586,0.0396,-0.2344,-0.0776,1,1,0,0.012,0.0406,-0.0684,0.0904,1,0,1,1.0297,0.052,0.929,1.1323,1,1,1,0.9531,0.0507,0.8521,1.0508,1,1,1.5,1.4156,0.0575,1.3059,1.532,1,1,2,1.8823,0.0679,1.7536,2.0207,1,1,0.1,0.1164,0.0442,0.0496,0.2156,1,1,0.1,0.096,0.0326,0.0494,0.1762,1,1,0.1,0.0957,0.0334,0.0487,0.177,1,1,0.1,0.127,0.0482,0.0556,0.235,1,1,1,0.9585,0.0448,0.8723,1.0475,1,1,1,1.01,0.0449,0.9277,1.1033,1,1,0.3,0.3029,0.0304,0.2444,0.3638,1,1,0.3,0.3029,0.0304,0.2444,0.3638,1,1
68,0,0.0202,0.0552,-0.0884,0.1279,1,0,1,0.9788,0.0544,0.8728,1.0864,1,1,1,0.9708,0.0745,0.8249,1.1169,1,1,1.5,1.5536,0.0898,1.3782,1.7308,1,1,0.3,0.3388,0.0517,0.2367,0.4402,1,1,0.2,0.2157,0.0528,0.1125,0.3207,1,1,-0.15,-0.1885,0.0424,-0.2736,-0.111,1,1,0,0.0061,0.0376,-0.071,0.0753,1,0,1,0.993,0.0548,0.8851,1.0999,1,1,1,1.0182,0.0506,0.9185,1.1175,1,1,1.5,1.4893,0.0612,1.3723,1.6114,1,1,2,1.9026,0.069,1.7729,2.0422,1,1,0.1,0.1005,0.0385,0.0492,0.196,1,1,0.1,0.0985,0.0341,0.0469,0.1737,1,1,0.1,0.1068,0.0361,0.0526,0.1888,1,1,0.1,0.0893,0.0301,0.0457,0.1606,1,1,1,1.0079,0.0462,0.9208,1.1024,1,1,1,0.991,0.0458,0.9066,1.0856,1,1,0.3,0.3114,0.031,0.2514,0.3727,1,1,0.3,0.3114,0.031,0.2514,0.3727,1,1
69,0,0.0026,0.0544,-0.1047,0.1091,1,0,1,0.9425,0.0535,0.8373,1.0475,1,1,1,0.9571,0.0701,0.8191,1.0942,1,1,1.5,1.4802,0.0916,1.3008,1.6601,1,1,0.3,0.245,0.0626,0.1213,0.3659,1,1,0.2,0.1603,0.0475,0.0729,0.2574,1,1,-0.15,-0.1931,0.043,-0.2821,-0.1138,1,1,0,-0.065,0.0408,-0.1426,0.0145,1,0,1,1.0254,0.0544,0.9181,1.1316,1,1,1,1.0186,0.048,0.9256,1.1131,1,1,1.5,1.4137,0.0586,1.302,1.5311,1,1,2,1.9484,0.0694,1.8157,2.0882,1,1,0.1,0.1452,0.0562,0.0553,0.266,1,1,0.1,0.1068,0.0394,0.0496,0.1983,1,1,0.1,0.1051,0.0424,0.0493,0.2089,1,1,0.1,0.1095,0.0378,0.0516,0.1956,1,1,1,0.9241,0.0471,0.835,1.019,1,1,1,0.9601,0.0418,0.8818,1.046,1,1,0.3,0.2735,0.03,0.2148,0.3324,1,1,0.3,0.2735,0.03,0.2148,0.3324,1,1
70,0,-0.0468,0.0555,-0.1549,0.0624,1,0,1,1.0601,0.0536,0.955,1.1655,1,1,1,1.118,0.0688,0.9828,1.2524,1,1,1.5,1.5794,0.0927,1.3969,1.7614,1,1,0.3,0.3211,0.0572,0.2071,0.4262,1,1,0.2,0.2561,0.0548,0.1525,0.3682,1,1,-0.15,-0.1221,0.046,-0.2128,-0.0316,1,1,0,0.0089,0.0379,-0.0664,0.0804,1,0,1,0.9878,0.0562,0.8765,1.097,1,1,1,0.9532,0.056,0.8393,1.0601,1,1,1.5,1.3494,0.06,1.234,1.4684,0,1,2,1.943,0.0711,1.8084,2.087,1,1,0.1,0.0896,0.0303,0.0466,0.1667,1,1,0.1,0.0991,0.0361,0.0478,0.1845,1,1,0.1,0.1223,0.0474,0.0551,0.2362,1,1,0.1,0.1046,0.0388,0.0497,0.1988,1,1,1,1.025,0.0498,0.9297,1.1225,1,1,1,1.1039,0.0534,1.0059,1.2139,0,1,0.3,0.3482,0.0335,0.2834,0.4147,1,1,0.3,0.3482,0.0335,0.2834,0.4147,1,1
71,0,0.0524,0.053,-0.0514,0.1558,1,0,1,1.0119,0.0521,0.9097,1.1134,1,1,1,0.9896,0.0712,0.8494,1.1287,1,1,1.5,1.6468,0.0984,1.4536,1.8394,1,1,0.3,0.3573,0.049,0.2597,0.4531,1,1,0.2,0.1485,0.0556,0.0387,0.2642,1,1,-0.15,-0.1208,0.0437,-0.2035,-0.0336,1,1,0,5e-04,0.0409,-0.0812,0.0799,1,0,1,0.8972,0.0569,0.783,1.0073,1,1,1,0.9842,0.0499,0.886,1.0819,1,1,1.5,1.4094,0.0604,1.2933,1.5301,1,1,2,2.0994,0.0728,1.96,2.2473,1,1,0.1,0.1396,0.0508,0.0586,0.248,1,1,0.1,0.1187,0.0464,0.0504,0.2264,1,1,0.1,0.0934,0.0326,0.0472,0.1743,1,1,0.1,0.1213,0.0493,0.0518,0.2337,1,1,1,1.055,0.0481,0.9623,1.1515,1,1,1,0.9724,0.046,0.8852,1.0678,1,1,0.3,0.3109,0.0319,0.249,0.3744,1,1,0.3,0.3109,0.0319,0.249,0.3744,1,1
72,0,0.0076,0.0547,-0.1001,0.1145,1,0,1,1.0568,0.0569,0.9443,1.1674,1,1,1,0.9799,0.0751,0.8321,1.1272,1,1,1.5,1.3438,0.095,1.158,1.5299,1,1,0.3,0.3871,0.0548,0.2714,0.4902,1,1,0.2,0.1267,0.0575,0.019,0.2402,1,1,-0.15,-0.1034,0.0451,-0.1963,-0.0192,1,1,0,-0.0443,0.0398,-0.1228,0.0321,1,0,1,0.9646,0.0572,0.8521,1.078,1,1,1,1.1033,0.0499,1.0069,1.2021,0,1,1.5,1.493,0.0628,1.3733,1.6185,1,1,2,2.0313,0.0712,1.897,2.1733,1,1,0.1,0.1121,0.04,0.0507,0.2025,1,1,0.1,0.2043,0.0722,0.0737,0.3357,1,1,0.1,0.0847,0.0283,0.0454,0.1524,1,1,0.1,0.1663,0.0602,0.0624,0.2855,1,1,1,0.9703,0.0482,0.8769,1.0664,1,1,1,0.9457,0.0414,0.8688,1.03,1,1,0.3,0.2894,0.0305,0.2299,0.3493,1,1,0.3,0.2894,0.0305,0.2299,0.3493,1,1
73,0,0.0797,0.0556,-0.0284,0.1877,1,0,1,1.0419,0.0537,0.938,1.1468,1,1,1,0.9151,0.0755,0.7679,1.063,1,1,1.5,1.3878,0.0914,1.2096,1.5668,1,1,0.3,0.3969,0.0518,0.2928,0.4929,1,1,0.2,0.2133,0.0534,0.1105,0.3167,1,1,-0.15,-0.0381,0.0428,-0.1185,0.0475,0,0,0,-0.0097,0.0416,-0.0902,0.0708,1,0,1,0.9509,0.0609,0.8303,1.0673,1,1,1,0.9722,0.0547,0.8633,1.0783,1,1,1.5,1.4883,0.0637,1.3644,1.6151,1,1,2,1.9038,0.0695,1.773,2.0445,1,1,0.1,0.1187,0.0429,0.0526,0.2136,1,1,0.1,0.1302,0.0552,0.053,0.2505,1,1,0.1,0.0937,0.033,0.0482,0.1724,1,1,0.1,0.1028,0.0392,0.0483,0.1954,1,1,1,1.0815,0.0491,0.9886,1.1801,1,1,1,1.0795,0.048,0.9897,1.1777,1,1,0.3,0.3424,0.0331,0.2778,0.4079,1,1,0.3,0.3424,0.0331,0.2778,0.4079,1,1
74,0,-0.0098,0.0573,-0.122,0.1026,1,0,1,1.0436,0.0526,0.9405,1.1469,1,1,1,0.9562,0.0739,0.8107,1.0997,1,1,1.5,1.5242,0.0925,1.3432,1.7046,1,1,0.3,0.3013,0.0506,0.2014,0.4012,1,1,0.2,0.1786,0.0489,0.0797,0.2751,1,1,-0.15,-0.0685,0.0402,-0.1476,0.0109,0,0,0,0.0682,0.0383,-0.008,0.14,1,0,1,1.068,0.0527,0.9647,1.1731,1,1,1,0.9791,0.0489,0.8843,1.0751,1,1,1.5,1.4867,0.0602,1.3706,1.6082,1,1,2,1.9666,0.0702,1.834,2.1095,1,1,0.1,0.1073,0.0411,0.0504,0.2079,1,1,0.1,0.1107,0.042,0.0494,0.207,1,1,0.1,0.1132,0.0451,0.0504,0.2216,1,1,0.1,0.1408,0.0541,0.0558,0.2529,1,1,1,0.9631,0.0444,0.8792,1.0531,1,1,1,1.0304,0.045,0.9446,1.1217,1,1,0.3,0.3568,0.0301,0.2982,0.4169,1,1,0.3,0.3568,0.0301,0.2982,0.4169,1,1
75,0,-0.0713,0.0573,-0.183,0.0405,1,0,1,0.9143,0.0506,0.8149,1.0133,1,1,1,1.0596,0.0758,0.9108,1.2091,1,1,1.5,1.5493,0.0955,1.3617,1.7362,1,1,0.3,0.3946,0.0488,0.2951,0.4861,1,1,0.2,0.1556,0.0461,0.0723,0.252,1,1,-0.15,-0.1652,0.0404,-0.244,-0.0857,1,1,0,-0.0467,0.0376,-0.121,0.0234,1,0,1,1.0185,0.0574,0.9067,1.1313,1,1,1,0.9474,0.0475,0.8533,1.0393,1,1,1.5,1.5004,0.0628,1.3796,1.6258,1,1,2,2.0397,0.0712,1.9039,2.1834,1,1,0.1,0.1437,0.0559,0.0542,0.2603,1,1,0.1,0.0902,0.0294,0.0466,0.1641,1,1,0.1,0.089,0.0291,0.047,0.1571,1,1,0.1,0.0901,0.0292,0.0476,0.1629,1,1,1,1.0114,0.046,0.9232,1.1036,1,1,1,0.962,0.0421,0.885,1.0501,1,1,0.3,0.2715,0.0308,0.2125,0.3327,1,1,0.3,0.2715,0.0308,0.2125,0.3327,1,1
76,0,0.0041,0.0567,-0.1069,0.1152,1,0,1,1.1344,0.0529,1.0311,1.2382,0,1,1,1.0233,0.0739,0.8785,1.1678,1,1,1.5,1.5469,0.0902,1.3701,1.7227,1,1,0.3,0.2674,0.0615,0.1393,0.3874,1,1,0.2,0.21,0.0499,0.1223,0.3112,1,1,-0.15,-0.1467,0.0432,-0.24,-0.0634,1,1,0,0.015,0.0433,-0.068,0.0976,1,0,1,1.0408,0.0573,0.9263,1.1514,1,1,1,0.9786,0.0502,0.8799,1.0776,1,1,1.5,1.4809,0.0612,1.3638,1.6038,1,1,2,1.9132,0.0683,1.7834,2.0506,1,1,0.1,0.0962,0.0335,0.0472,0.1726,1,1,0.1,0.0828,0.0245,0.0456,0.1391,1,1,0.1,0.1058,0.0375,0.0506,0.1948,1,1,0.1,0.1046,0.0379,0.0501,0.1947,1,1,1,1.0495,0.0531,0.9495,1.1583,1,1,1,1.0147,0.0457,0.9301,1.1096,1,1,0.3,0.3492,0.033,0.2863,0.4158,1,1,0.3,0.3492,0.033,0.2863,0.4158,1,1
77,0,0.0882,0.049,-0.0077,0.1849,1,0,1,0.9208,0.0539,0.8156,1.0271,1,1,1,0.9725,0.0756,0.8257,1.1211,1,1,1.5,1.6273,0.0944,1.4421,1.8135,1,1,0.3,0.2991,0.0544,0.1849,0.3984,1,1,0.2,0.3166,0.0627,0.2051,0.4435,0,1,-0.15,-0.0911,0.0411,-0.178,-0.0126,1,1,0,0.0681,0.0384,-0.0046,0.143,1,0,1,0.7957,0.0581,0.6791,0.9076,0,1,1,0.9533,0.0596,0.8323,1.0647,1,1,1.5,1.5208,0.0624,1.4012,1.6465,1,1,2,1.9756,0.0729,1.8374,2.1231,1,1,0.1,0.0985,0.0364,0.048,0.188,1,1,0.1,0.1044,0.0418,0.0475,0.2112,1,1,0.1,0.1135,0.0451,0.0495,0.2199,1,1,0.1,0.1121,0.041,0.0523,0.205,1,1,1,1.0508,0.0506,0.9509,1.1496,1,1,1,1.0615,0.054,0.9641,1.1752,1,1,0.3,0.3765,0.0315,0.316,0.4395,0,1,0.3,0.3765,0.0315,0.316,0.4395,0,1
78,0,-0.0015,0.0551,-0.11,0.1067,1,0,1,1.0882,0.0545,0.9812,1.1943,1,1,1,0.914,0.0707,0.7749,1.0536,1,1,1.5,1.601,0.0926,1.4184,1.7825,1,1,0.3,0.3422,0.0526,0.2393,0.4399,1,1,0.2,0.1261,0.0493,0.0336,0.2295,1,1,-0.15,-0.117,0.0462,-0.2077,-0.0275,1,1,0,-0.0074,0.0418,-0.0916,0.0707,1,0,1,0.9907,0.0555,0.8812,1.0996,1,1,1,1.0334,0.0486,0.9376,1.1286,1,1,1.5,1.414,0.06,1.2983,1.5345,1,1,2,1.9747,0.0701,1.8409,2.1168,1,1,0.1,0.1277,0.0475,0.0555,0.23,1,1,0.1,0.115,0.0453,0.0515,0.229,1,1,0.1,0.1375,0.0524,0.0563,0.2532,1,1,0.1,0.0879,0.0301,0.044,0.1628,1,1,1,0.9852,0.0457,0.8992,1.077,1,1,1,0.9669,0.0438,0.885,1.0562,1,1,0.3,0.2641,0.0324,0.2013,0.3274,1,1,0.3,0.2641,0.0324,0.2013,0.3274,1,1
79,0,-6e-04,0.0548,-0.1083,0.1062,1,0,1,0.9338,0.0539,0.8285,1.0397,1,1,1,1.0335,0.0789,0.8784,1.1878,1,1,1.5,1.4715,0.0916,1.2914,1.6509,1,1,0.3,0.1906,0.0599,0.0772,0.3119,1,1,0.2,0.2019,0.0523,0.1034,0.3073,1,1,-0.15,-0.1699,0.0407,-0.2517,-0.092,1,1,0,-0.0273,0.0409,-0.1072,0.0525,1,0,1,1.0487,0.0521,0.9456,1.1496,1,1,1,1.0072,0.0506,0.9072,1.1055,1,1,1.5,1.6337,0.0621,1.5147,1.7578,0,1,2,1.9368,0.0692,1.8048,2.0758,1,1,0.1,0.1178,0.0465,0.0525,0.2237,1,1,0.1,0.1021,0.0356,0.051,0.1864,1,1,0.1,0.1107,0.0408,0.0549,0.208,1,1,0.1,0.1035,0.0364,0.0503,0.1902,1,1,1,0.9242,0.0469,0.8383,1.0216,1,1,1,0.978,0.0451,0.8935,1.0703,1,1,0.3,0.2526,0.03,0.1948,0.3116,1,1,0.3,0.2526,0.03,0.1948,0.3116,1,1
80,0,0.0515,0.0533,-0.0539,0.1557,1,0,1,1.0236,0.0545,0.9177,1.1318,1,1,1,0.978,0.0735,0.8336,1.1226,1,1,1.5,1.6192,0.0966,1.4283,1.8091,1,1,0.3,0.3049,0.0556,0.1928,0.4154,1,1,0.2,0.2108,0.0592,0.1006,0.3333,1,1,-0.15,-0.1454,0.0449,-0.2312,-0.0585,1,1,0,-0.0073,0.0432,-0.0917,0.0787,1,0,1,0.9489,0.0556,0.8382,1.0563,1,1,1,1.0297,0.0545,0.9204,1.1344,1,1,1.5,1.4848,0.0605,1.3688,1.6054,1,1,2,2.0623,0.0732,1.9231,2.2104,1,1,0.1,0.121,0.048,0.0517,0.229,1,1,0.1,0.1258,0.0519,0.0517,0.2445,1,1,0.1,0.1023,0.0399,0.0479,0.1971,1,1,0.1,0.1931,0.0669,0.0639,0.3141,1,1,1,0.9876,0.0512,0.8929,1.0935,1,1,1,0.991,0.0483,0.9023,1.0907,1,1,0.3,0.3129,0.0321,0.2509,0.3768,1,1,0.3,0.3129,0.0321,0.2509,0.3768,1,1
81,0,-0.0876,0.056,-0.1978,0.0226,1,0,1,1.0894,0.0506,0.9902,1.188,1,1,1,1.0244,0.0728,0.8811,1.1681,1,1,1.5,1.498,0.0911,1.3206,1.6775,1,1,0.3,0.3585,0.0554,0.2471,0.4652,1,1,0.2,0.1948,0.0557,0.0849,0.3095,1,1,-0.15,-0.1717,0.0408,-0.2515,-0.0902,1,1,0,-0.0371,0.0408,-0.1148,0.0423,1,0,1,0.9989,0.0586,0.8824,1.113,1,1,1,0.9251,0.0509,0.8235,1.0237,1,1,1.5,1.44,0.0609,1.3238,1.5628,1,1,2,1.9383,0.0695,1.8066,2.0792,1,1,0.1,0.0902,0.0294,0.0469,0.162,1,1,0.1,0.1259,0.0522,0.0504,0.2457,1,1,0.1,0.0921,0.0311,0.0464,0.1636,1,1,0.1,0.1138,0.0445,0.0516,0.2199,1,1,1,1.0278,0.0504,0.9314,1.1283,1,1,1,0.9767,0.0457,0.891,1.0698,1,1,0.3,0.2654,0.0308,0.2061,0.3267,1,1,0.3,0.2654,0.0308,0.2061,0.3267,1,1
82,0,-0.0514,0.0553,-0.1594,0.0571,1,0,1,0.895,0.0542,0.7891,1.0006,1,1,1,1.0571,0.0737,0.913,1.2017,1,1,1.5,1.3315,0.0942,1.1469,1.5181,1,1,0.3,0.3671,0.0586,0.2466,0.4826,1,1,0.2,0.2452,0.0539,0.1408,0.3502,1,1,-0.15,-0.1613,0.043,-0.2464,-0.0762,1,1,0,0.0214,0.0417,-0.0613,0.1022,1,0,1,0.9704,0.0595,0.8509,1.0847,1,1,1,1.0052,0.0516,0.9032,1.1057,1,1,1.5,1.4729,0.0632,1.3514,1.5985,1,1,2,2.0018,0.0719,1.8649,2.1471,1,1,0.1,0.1451,0.0554,0.0586,0.259,1,1,0.1,0.1029,0.0369,0.0497,0.1908,1,1,0.1,0.1014,0.0353,0.0506,0.1897,1,1,0.1,0.1437,0.0511,0.0604,0.2494,1,1,1,1.0105,0.0511,0.9133,1.1139,1,1,1,1.0167,0.0472,0.9285,1.1132,1,1,0.3,0.3325,0.0318,0.2713,0.3967,1,1,0.3,0.3325,0.0318,0.2713,0.3967,1,1
83,0,0.0528,0.0571,-0.0591,0.1643,1,0,1,0.9885,0.0549,0.8807,1.0954,1,1,1,1.0203,0.0733,0.8765,1.1638,1,1,1.5,1.4617,0.0903,1.2834,1.637,1,1,0.3,0.1988,0.0573,0.0802,0.3128,1,1,0.2,0.2139,0.0515,0.1123,0.3104,1,1,-0.15,-0.1644,0.043,-0.2511,-0.0806,1,1,0,0.0047,0.0404,-0.0725,0.0874,1,0,1,1.0981,0.0506,0.9989,1.1978,1,1,1,1.0363,0.0513,0.9345,1.137,1,1,1.5,1.5192,0.0589,1.4063,1.6368,1,1,2,1.9011,0.0686,1.7711,2.0401,1,1,0.1,0.1016,0.036,0.0502,0.1894,1,1,0.1,0.1059,0.0379,0.05,0.195,1,1,0.1,0.1682,0.0675,0.0603,0.3071,1,1,0.1,0.1164,0.0459,0.0525,0.2256,1,1,1,0.9237,0.0459,0.8362,1.0175,1,1,1,0.9894,0.0472,0.9015,1.0847,1,1,0.3,0.2841,0.0305,0.2256,0.345,1,1,0.3,0.2841,0.0305,0.2256,0.345,1,1
84,0,-0.0401,0.0547,-0.146,0.0688,1,0,1,0.9331,0.0546,0.8256,1.0397,1,1,1,1.021,0.0716,0.881,1.1614,1,1,1.5,1.569,0.0949,1.3817,1.7541,1,1,0.3,0.1663,0.0552,0.0623,0.2765,0,1,0.2,0.0923,0.052,-0.0019,0.2028,1,0,-0.15,-0.1396,0.0406,-0.2215,-0.0623,1,1,0,-0.0041,0.044,-0.0963,0.0797,1,0,1,1.0464,0.0503,0.9472,1.1455,1,1,1,1.0624,0.0471,0.9703,1.1557,1,1,1.5,1.4612,0.0569,1.3521,1.5755,1,1,2,2.0344,0.07,1.9005,2.1752,1,1,0.1,0.0954,0.0333,0.0475,0.1746,1,1,0.1,0.1191,0.0504,0.051,0.2422,1,1,0.1,0.1103,0.0411,0.0516,0.208,1,1,0.1,0.1082,0.041,0.0521,0.2057,1,1,1,0.9449,0.0458,0.8598,1.0389,1,1,1,0.9269,0.042,0.8491,1.0145,1,1,0.3,0.3144,0.0308,0.2563,0.3767,1,1,0.3,0.3144,0.0308,0.2563,0.3767,1,1
85,0,-0.0322,0.0536,-0.1377,0.0725,1,0,1,1.0184,0.0514,0.9176,1.1205,1,1,1,1.0277,0.0718,0.887,1.1683,1,1,1.5,1.6235,0.087,1.4539,1.7952,1,1,0.3,0.389,0.0477,0.3018,0.4797,0,1,0.2,0.1589,0.0587,0.0392,0.2773,1,1,-0.15,-0.142,0.0419,-0.2261,-0.0593,1,1,0,-0.0199,0.0415,-0.1003,0.0582,1,0,1,0.9226,0.0603,0.8005,1.0378,1,1,1,0.9764,0.0502,0.8763,1.0742,1,1,1.5,1.4035,0.0611,1.2858,1.5256,1,1,2,1.856,0.0665,1.7294,1.9905,0,1,0.1,0.0915,0.0295,0.0479,0.1606,1,1,0.1,0.1307,0.0525,0.0541,0.248,1,1,0.1,0.1709,0.0586,0.0693,0.2882,1,1,0.1,0.0975,0.0321,0.0514,0.1733,1,1,1,1.0689,0.0483,0.9787,1.1679,1,1,1,0.8944,0.0472,0.8054,0.9901,0,1,0.3,0.2946,0.0319,0.233,0.3578,1,1,0.3,0.2946,0.0319,0.233,0.3578,1,1
86,0,0.0042,0.0528,-0.0995,0.1081,1,0,1,0.9661,0.0507,0.8673,1.0664,1,1,1,1.0825,0.07,0.9464,1.2203,1,1,1.5,1.395,0.0854,1.2264,1.5612,1,1,0.3,0.3214,0.0552,0.2102,0.4245,1,1,0.2,0.2286,0.0569,0.1181,0.3414,1,1,-0.15,-0.099,0.045,-0.1878,-0.0158,1,1,0,0.0407,0.0399,-0.0359,0.118,1,0,1,0.9317,0.0557,0.8216,1.0394,1,1,1,0.9068,0.0515,0.805,1.0059,1,1,1.5,1.3802,0.0599,1.2652,1.4996,0,1,2,1.7957,0.0661,1.6691,1.9285,0,1,0.1,0.0952,0.031,0.0482,0.1646,1,1,0.1,0.0967,0.0366,0.0476,0.1819,1,1,0.1,0.094,0.0332,0.0472,0.1713,1,1,0.1,0.0971,0.0339,0.0481,0.1788,1,1,1,1.005,0.048,0.9125,1.0996,1,1,1,0.9975,0.0469,0.9096,1.0931,1,1,0.3,0.3257,0.0315,0.2647,0.3882,1,1,0.3,0.3257,0.0315,0.2647,0.3882,1,1
87,0,0.0513,0.0556,-0.0572,0.1602,1,0,1,0.9338,0.056,0.8232,1.0437,1,1,1,1.0365,0.076,0.8871,1.1854,1,1,1.5,1.5337,0.0917,1.3535,1.7147,1,1,0.3,0.245,0.0545,0.1341,0.3494,1,1,0.2,0.2403,0.0583,0.1278,0.3553,1,1,-0.15,-0.1776,0.0478,-0.2752,-0.0895,1,1,0,0.0313,0.0392,-0.046,0.1067,1,0,1,1.042,0.0527,0.9396,1.146,1,1,1,1.0487,0.054,0.9427,1.155,1,1,1.5,1.5519,0.0609,1.4355,1.6758,1,1,2,1.9402,0.0705,1.8066,2.084,1,1,0.1,0.0868,0.0279,0.0464,0.1527,1,1,0.1,0.1104,0.0413,0.0503,0.2049,1,1,0.1,0.1035,0.0409,0.0494,0.2055,1,1,0.1,0.1847,0.062,0.0703,0.3028,1,1,1,0.9616,0.0481,0.8711,1.0581,1,1,1,1.0473,0.0501,0.9534,1.1504,1,1,0.3,0.3069,0.0325,0.2434,0.3711,1,1,0.3,0.3069,0.0325,0.2434,0.3711,1,1
88,0,0.0385,0.0539,-0.0674,0.144,1,0,1,1.0718,0.0533,0.9678,1.1769,1,1,1,0.9195,0.0735,0.7755,1.0639,1,1,1.5,1.4919,0.0976,1.2985,1.683,1,1,0.3,0.3192,0.0509,0.2252,0.4246,1,1,0.2,0.1233,0.0498,0.0334,0.2319,1,1,-0.15,-0.0598,0.0414,-0.1401,0.0225,0,0,0,0.0561,0.0409,-0.0199,0.1386,1,0,1,0.9464,0.0558,0.8362,1.0544,1,1,1,1.0296,0.0466,0.9387,1.1219,1,1,1.5,1.4552,0.0609,1.3379,1.5782,1,1,2,2.0938,0.0716,1.9578,2.2403,1,1,0.1,0.0942,0.0323,0.0485,0.1733,1,1,0.1,0.0831,0.0261,0.0457,0.1452,1,1,0.1,0.0861,0.0284,0.0459,0.1531,1,1,0.1,0.1487,0.0602,0.0594,0.2777,1,1,1,1.0189,0.049,0.9269,1.1201,1,1,1,0.919,0.042,0.8432,1.0073,1,1,0.3,0.3228,0.0313,0.2636,0.3857,1,1,0.3,0.3228,0.0313,0.2636,0.3857,1,1
89,0,-0.0393,0.0577,-0.1516,0.0734,1,0,1,0.9788,0.0542,0.873,1.0853,1,1,1,1.0235,0.0749,0.8773,1.1706,1,1,1.5,1.374,0.0902,1.1967,1.5509,1,1,0.3,0.289,0.0563,0.1857,0.4052,1,1,0.2,0.2116,0.0521,0.1123,0.3144,1,1,-0.15,-0.1793,0.0442,-0.2681,-0.0946,1,1,0,-0.0494,0.0379,-0.1247,0.0203,1,0,1,1.0687,0.0567,0.9569,1.1789,1,1,1,0.9993,0.0534,0.8934,1.1037,1,1,1.5,1.5237,0.0611,1.406,1.6459,1,1,2,1.897,0.0692,1.7662,2.0372,1,1,0.1,0.091,0.029,0.0479,0.1582,1,1,0.1,0.1293,0.0505,0.0551,0.2427,1,1,0.1,0.1158,0.0475,0.0535,0.2363,1,1,0.1,0.1038,0.0381,0.048,0.1925,1,1,1,1.0055,0.0498,0.9139,1.1101,1,1,1,1.0591,0.0501,0.9667,1.1621,1,1,0.3,0.287,0.0328,0.223,0.3517,1,1,0.3,0.287,0.0328,0.223,0.3517,1,1
90,0,0.0929,0.0522,-0.0096,0.1951,1,0,1,1.0164,0.0508,0.9169,1.1162,1,1,1,0.9072,0.0766,0.7564,1.0575,1,1,1.5,1.4046,0.0954,1.218,1.5911,1,1,0.3,0.2841,0.0605,0.163,0.3924,1,1,0.2,0.2541,0.0556,0.1402,0.3638,1,1,-0.15,-0.1886,0.0453,-0.2776,-0.1043,1,1,0,-0.0216,0.0414,-0.0993,0.0626,1,0,1,0.9393,0.0546,0.8321,1.0459,1,1,1,0.9004,0.0541,0.7911,1.0039,1,1,1.5,1.5645,0.0623,1.446,1.6909,1,1,2,2.0287,0.0728,1.8896,2.1747,1,1,0.1,0.1211,0.0476,0.0502,0.2263,1,1,0.1,0.1051,0.0402,0.0501,0.2001,1,1,0.1,0.1087,0.041,0.0498,0.2035,1,1,0.1,0.0972,0.034,0.0473,0.1814,1,1,1,0.9592,0.0484,0.8669,1.0555,1,1,1,1.0208,0.0493,0.9291,1.121,1,1,0.3,0.2826,0.0315,0.2228,0.346,1,1,0.3,0.2826,0.0315,0.2228,0.346,1,1
91,0,0.023,0.0559,-0.0876,0.132,1,0,1,0.9428,0.0525,0.8403,1.0462,1,1,1,0.9004,0.078,0.7469,1.0526,1,1,1.5,1.4847,0.0932,1.3031,1.6678,1,1,0.3,0.3131,0.0599,0.1991,0.4335,1,1,0.2,0.2047,0.0565,0.1046,0.3241,1,1,-0.15,-0.1056,0.0441,-0.1919,-0.0216,1,1,0,0.0019,0.0399,-0.0769,0.0792,1,0,1,1.0146,0.0588,0.8972,1.1285,1,1,1,0.9557,0.0521,0.853,1.0575,1,1,1.5,1.5751,0.0645,1.451,1.7037,1,1,2,1.9722,0.071,1.8364,2.1151,1,1,0.1,0.1068,0.0413,0.0497,0.2051,1,1,0.1,0.1137,0.0436,0.0503,0.2184,1,1,0.1,0.1099,0.0397,0.0523,0.2056,1,1,0.1,0.0948,0.0312,0.0495,0.1671,1,1,1,1.0261,0.0526,0.9284,1.1352,1,1,1,1.0152,0.0497,0.9242,1.1181,1,1,0.3,0.3065,0.0334,0.2421,0.3728,1,1,0.3,0.3065,0.0334,0.2421,0.3728,1,1
92,0,-0.0738,0.055,-0.1809,0.0345,1,0,1,1.0153,0.0537,0.9097,1.1215,1,1,1,1.0949,0.0785,0.9408,1.2481,1,1,1.5,1.6356,0.0966,1.447,1.8249,1,1,0.3,0.3237,0.0562,0.2113,0.4312,1,1,0.2,0.2092,0.0547,0.1013,0.3158,1,1,-0.15,-0.069,0.0386,-0.1459,0.008,0,0,0,0.0467,0.0394,-0.0314,0.1226,1,0,1,0.9524,0.0596,0.8339,1.0673,1,1,1,0.9826,0.0523,0.8784,1.0846,1,1,1.5,1.5773,0.0658,1.4511,1.7086,1,1,2,2.0546,0.0737,1.915,2.203,1,1,0.1,0.1864,0.0624,0.0598,0.2986,1,1,0.1,0.1028,0.0386,0.0489,0.1938,1,1,0.1,0.1059,0.0394,0.0492,0.1978,1,1,0.1,0.1155,0.0407,0.0553,0.2079,1,1,1,1.0394,0.0511,0.9429,1.1433,1,1,1,1.0596,0.0511,0.9636,1.1637,1,1,0.3,0.3165,0.0327,0.2533,0.3816,1,1,0.3,0.3165,0.0327,0.2533,0.3816,1,1
93,0,0.0421,0.0572,-0.0699,0.1542,1,0,1,0.9491,0.0532,0.8447,1.0533,1,1,1,1.1085,0.074,0.9637,1.2548,1,1,1.5,1.6263,0.0934,1.4427,1.8089,1,1,0.3,0.2481,0.0558,0.1364,0.3482,1,1,0.2,0.227,0.0534,0.1226,0.3299,1,1,-0.15,-0.2005,0.0427,-0.2856,-0.1153,1,1,0,-0.0043,0.0397,-0.0826,0.0729,1,0,1,1.0815,0.0531,0.9779,1.1861,1,1,1,0.9672,0.0545,0.8585,1.0724,1,1,1.5,1.5045,0.0601,1.3896,1.6252,1,1,2,1.9778,0.0711,1.8421,2.1219,1,1,0.1,0.108,0.04,0.0495,0.203,1,1,0.1,0.0982,0.0366,0.0465,0.1885,1,1,0.1,0.1049,0.0378,0.0517,0.1949,1,1,0.1,0.0951,0.0334,0.0461,0.1745,1,1,1,0.9692,0.0467,0.8787,1.0619,1,1,1,1.0513,0.05,0.9585,1.1532,1,1,0.3,0.2896,0.032,0.2277,0.3538,1,1,0.3,0.2896,0.032,0.2277,0.3538,1,1
94,0,-0.0081,0.0533,-0.1124,0.096,1,0,1,0.998,0.0545,0.8907,1.1044,1,1,1,0.9442,0.0763,0.7939,1.0927,1,1,1.5,1.5945,0.0925,1.4145,1.7773,1,1,0.3,0.3117,0.0565,0.2049,0.418,1,1,0.2,0.1761,0.0463,0.0906,0.274,1,1,-0.15,-0.171,0.0429,-0.2592,-0.0914,1,1,0,0.0123,0.0391,-0.0637,0.0879,1,0,1,0.9388,0.0568,0.8253,1.0475,1,1,1,1.0568,0.0485,0.9625,1.1526,1,1,1.5,1.5479,0.0631,1.4285,1.6747,1,1,2,1.9808,0.0698,1.8468,2.1202,1,1,0.1,0.0936,0.0313,0.0489,0.1691,1,1,0.1,0.084,0.0277,0.0459,0.155,1,1,0.1,0.1358,0.0524,0.0568,0.2579,1,1,0.1,0.0944,0.0321,0.0489,0.1692,1,1,1,1.0172,0.0503,0.923,1.1189,1,1,1,0.9168,0.042,0.8396,1.0046,1,1,0.3,0.2465,0.0309,0.1868,0.3082,1,1,0.3,0.2465,0.0309,0.1868,0.3082,1,1
95,0,0.0012,0.0576,-0.1117,0.1149,1,0,1,0.9925,0.0537,0.8877,1.0976,1,1,1,0.905,0.0717,0.7671,1.0474,1,1,1.5,1.5567,0.0924,1.3747,1.7368,1,1,0.3,0.2005,0.0595,0.0962,0.33,1,1,0.2,0.2867,0.0604,0.1715,0.4078,1,1,-0.15,-0.133,0.0459,-0.222,-0.0396,1,1,0,0.0745,0.0404,-0.0092,0.1513,1,0,1,1.1007,0.0527,0.9964,1.2041,1,1,1,0.9541,0.0574,0.8382,1.0636,1,1,1.5,1.461,0.0578,1.3496,1.5769,1,1,2,1.9303,0.0716,1.7929,2.0736,1,1,0.1,0.1007,0.0352,0.0489,0.1812,1,1,0.1,0.1052,0.0409,0.0496,0.205,1,1,0.1,0.1296,0.0533,0.0538,0.2555,1,1,0.1,0.1176,0.0483,0.0512,0.2314,1,1,1,0.9151,0.0479,0.8286,1.0175,1,1,1,1.06,0.0546,0.9593,1.1732,1,1,0.3,0.3156,0.0324,0.2534,0.3809,1,1,0.3,0.3156,0.0324,0.2534,0.3809,1,1
96,0,0.0143,0.0529,-0.0896,0.1186,1,0,1,1.0352,0.0524,0.9325,1.1379,1,1,1,1.0889,0.077,0.9376,1.2386,1,1,1.5,1.3466,0.0934,1.1633,1.529,1,1,0.3,0.3395,0.0506,0.241,0.4404,1,1,0.2,0.2208,0.0546,0.1086,0.3237,1,1,-0.15,-0.1283,0.0424,-0.2091,-0.0428,1,1,0,-0.0557,0.038,-0.1288,0.0196,1,0,1,0.9264,0.0546,0.8172,1.0324,1,1,1,0.9556,0.0533,0.8492,1.0583,1,1,1.5,1.5595,0.0627,1.4395,1.685,1,1,2,1.9742,0.0708,1.8397,2.1173,1,1,0.1,0.1065,0.0405,0.0516,0.2063,1,1,0.1,0.1112,0.0399,0.052,0.2044,1,1,0.1,0.0927,0.0312,0.0468,0.1636,1,1,0.1,0.1319,0.0505,0.0545,0.2421,1,1,1,0.9836,0.0453,0.8992,1.0761,1,1,1,1.0456,0.0492,0.9518,1.145,1,1,0.3,0.292,0.0305,0.2329,0.3529,1,1,0.3,0.292,0.0305,0.2329,0.3529,1,1
97,0,-0.0495,0.0533,-0.1535,0.0552,1,0,1,1.0523,0.055,0.9454,1.161,1,1,1,1.0389,0.0777,0.8868,1.1913,1,1,1.5,1.6108,0.0946,1.4249,1.7951,1,1,0.3,0.3509,0.0598,0.2316,0.4548,1,1,0.2,0.2074,0.0488,0.1164,0.3029,1,1,-0.15,-0.0849,0.0409,-0.1641,-0.0015,1,1,0,0.0177,0.0423,-0.0645,0.1011,1,0,1,0.8949,0.0618,0.7716,1.0128,1,1,1,1.025,0.0501,0.9276,1.124,1,1,1.5,1.5592,0.066,1.4328,1.6908,1,1,2,2.0053,0.0713,1.8707,2.149,1,1,0.1,0.1142,0.0414,0.0535,0.2092,1,1,0.1,0.1041,0.0341,0.0513,0.1813,1,1,0.1,0.1214,0.047,0.056,0.235,1,1,0.1,0.1558,0.0622,0.0584,0.2841,1,1,1,1.0795,0.0551,0.9736,1.1872,1,1,1,1.023,0.0458,0.9373,1.1172,1,1,0.3,0.3487,0.0326,0.2862,0.414,1,1,0.3,0.3487,0.0326,0.2862,0.414,1,1
98,0,-0.0183,0.0547,-0.1244,0.0888,1,0,1,0.9887,0.053,0.8857,1.0918,1,1,1,1.0176,0.0749,0.8704,1.1636,1,1,1.5,1.544,0.0941,1.3574,1.7272,1,1,0.3,0.2746,0.0555,0.1527,0.3719,1,1,0.2,0.1333,0.0549,0.0263,0.2395,1,1,-0.15,-0.1554,0.0441,-0.239,-0.0666,1,1,0,0.0153,0.0386,-0.0599,0.0929,1,0,1,1.0113,0.0528,0.9087,1.116,1,1,1,1.0058,0.0483,0.9116,1.1018,1,1,1.5,1.5237,0.0597,1.4089,1.6433,1,1,2,2.0083,0.0699,1.8759,2.1497,1,1,0.1,0.0912,0.0322,0.0469,0.1715,1,1,0.1,0.1187,0.0471,0.0524,0.2275,1,1,0.1,0.1339,0.0557,0.0547,0.2601,1,1,0.1,0.0953,0.0316,0.048,0.1693,1,1,1,0.9307,0.0447,0.8432,1.0189,1,1,1,0.9595,0.0462,0.8728,1.0539,1,1,0.3,0.3204,0.031,0.261,0.383,1,1,0.3,0.3204,0.031,0.261,0.383,1,1
99,0,-7e-04,0.0518,-0.1017,0.1008,1,0,1,1.0839,0.0545,0.9774,1.1922,1,1,1,0.9115,0.07,0.7756,1.0492,1,1,1.5,1.6391,0.0896,1.4631,1.8146,1,1,0.3,0.2883,0.0551,0.1811,0.4006,1,1,0.2,0.2112,0.0533,0.1061,0.3175,1,1,-0.15,-0.1681,0.0433,-0.2525,-0.0845,1,1,0,0.0529,0.0357,-0.0162,0.1242,1,0,1,0.9156,0.0546,0.8066,1.0199,1,1,1,1.021,0.0518,0.9188,1.1232,1,1,1.5,1.3929,0.0592,1.2791,1.511,1,1,2,1.8827,0.0691,1.751,2.0221,1,1,0.1,0.0997,0.0351,0.0478,0.1842,1,1,0.1,0.1032,0.0358,0.0484,0.1846,1,1,0.1,0.1437,0.0573,0.0585,0.2742,1,1,0.1,0.0955,0.0344,0.0472,0.1765,1,1,1,0.9775,0.0469,0.8892,1.0749,1,1,1,1.0152,0.0486,0.9237,1.114,1,1,0.3,0.2825,0.0306,0.2235,0.3431,1,1,0.3,0.2825,0.0306,0.2235,0.3431,1,1
100,0,0.0535,0.0541,-0.0528,0.1596,1,0,1,1.0654,0.0536,0.9604,1.1696,1,1,1,1.0212,0.0748,0.8751,1.1672,1,1,1.5,1.492,0.0975,1.3006,1.6824,1,1,0.3,0.1913,0.0563,0.0819,0.3038,1,1,0.2,0.1789,0.0544,0.0781,0.2895,1,1,-0.15,-0.0785,0.0456,-0.1671,0.0168,1,0,0,0.0327,0.041,-0.0503,0.1125,1,0,1,1.0207,0.05,0.9218,1.1184,1,1,1,1.0191,0.0493,0.9223,1.1162,1,1,1.5,1.5432,0.0593,1.4297,1.6619,1,1,2,2.0774,0.0722,1.9402,2.2219,1,1,0.1,0.0978,0.0364,0.0481,0.1866,1,1,0.1,0.1054,0.0372,0.05,0.1924,1,1,0.1,0.106,0.0377,0.0509,0.1963,1,1,0.1,0.1458,0.0576,0.0551,0.274,1,1,1,0.9227,0.0465,0.8349,1.017,1,1,1,0.9511,0.0447,0.8689,1.0453,1,1,0.3,0.3056,0.0307,0.2474,0.3678,1,1,0.3,0.3056,0.0307,0.2474,0.3678,1,1
